"id";"full_name";"cpf";"email";"password_hash";"balance";"pix_daily_limit";"is_blocked";"role";"created_at";"updated_at";"username";"profile_description";"show_stories_popup";"credit_card_due_date";"credit_card_invoice_due_date";"credit_card_available_limit";"credit_card_total_limit";"credit_card_points_balance";"credit_card_is_blocked";"password_reset_requested";"account_status";"days_overdue";"credit_card_due_day";"invoice_last_closed_date";"login_attempts";"card_cvv";"card_expiry";"card_delivery_status";"card_is_activated";"profile_message";"birth_date";"age";"has_tutor";"tutor_name";"tutor_cpf";"tutor_relationship";"country_origin";"address_cep";"address_street";"address_number";"address_complement";"address_neighborhood";"address_city";"address_state";"card_brand";"card_due_day";"overdue_status"
"7b4bd03b-84a2-42aa-9ff5-fbc4ce692497";Gustave Jacquet;"05458223608";Gustave_Jacquet34@gmail.com;$2b$10$0Kdb2NLI2iIDfTt.UhnEe.tbkjrb7BGULMT7iL8KY4SqxMvAePYvO;2000.00;2000.00;false;customer;2026-07-24 01:05:10.217;2026-08-29 00:00:00.260;;;true;;2026-09-15 15:00:00.000;2376.53;5000.00;0;false;false;inadimplente;19;15;;0;"608";"07/31";unlocked;true;Cartão em produção. Criado em 24/07/2026, 01:05 UTC. Validade: 07/31, CVV: 608;;;false;;;;Brasil;;;;;;;;MASTERCARD;10;EM_ATRASO_30D
e3993ee2-b91b-4194-88e3-416eb44c1b68;Leonardo Bianchi;"89287038082";leonardobianchi@fintech.com;$2b$10$YQ38xdbpoOq5m58jsrgiDuSRyWg2se2L5U/jAtLNoDepXtt/XsItS;2118.55;3447.65;false;user;2026-08-14 21:45:17.348;2026-08-14 21:45:17.413;;;true;;2026-09-25 15:00:00.000;1451.71;2164.63;0;false;false;adimplente;0;25;;0;;;manufacturing;false;;1991-05-27;35;false;;;;Itália;"00186";Via del Corso;"824";;Chiaia;Roma;Campania;MASTERCARD;25;EM_DIA
"084f0338-533c-447f-a450-ebdc141afb48";Florie Fontaine;"37810513150";Florie_Fontaine85@gmail.com;$2b$10$/Scm1M8ZYc3qNNQkDLiJz.Bbkoy6WnuJZGscsAyazHOZyEOuAvRty;17000.00;2000.00;false;customer;2026-07-22 16:22:15.338;2026-08-23 03:00:00.146;;;true;;2026-09-15 15:00:00.000;20000.00;20000.00;0;false;false;adimplente;0;15;;0;"150";"07/31";unlocked;true;Cartão em produção. Criado em 22/07/2026, 16:22 UTC. Validade: 07/31, CVV: 150;;;false;;;;Brasil;;;;;;;;MASTERCARD;10;EM_DIA
"3573f631-8294-4f48-a2ae-60095181e246";Flavien Rodriguez;"24662236606";Flavien_Rodriguez86@gmail.com;$2b$10$/Scm1M8ZYc3qNNQkDLiJz.Bbkoy6WnuJZGscsAyazHOZyEOuAvRty;2000.00;2000.00;false;customer;2026-07-19 23:00:16.163;2026-08-29 00:00:00.280;;;true;;2026-09-15 15:00:00.000;0.00;5000.00;0;false;false;inadimplente;50;15;;0;"606";"07/31";unlocked;true;Cartão em produção. Criado em 19/07/2026, 23:00 UTC. Validade: 07/31, CVV: 606;;;false;;;;Brasil;;;;;;;;MASTERCARD;10;EM_ATRASO_30D
"8c342e9f-ddd8-4926-8694-d6933cab70c4";Goncalo Santos;"07154153601";goncalosantos@fintech.com;$2b$10$g1yv3wVQD3Bb9YX6RMK72eZSJwBwJnxW7Qm6caWOHFUIB7JXyvnG6;8141.07;4378.17;false;user;2026-08-14 21:45:26.478;2026-08-29 00:00:00.188;;;true;;2026-09-20 15:00:00.000;3565.96;8129.45;0;false;false;inadimplente;30;20;;0;;;manufacturing;false;;1980-04-07;46;false;;;;Portugal;"1250-096";Rua Garrett;"161";;Cedofeita;Porto;Porto;HIPERCARD;20;EM_ATRASO_30D
d33cc0d7-368a-4269-90f3-4116140431ab;Seoyun Lee;"08025476561";seoyunlee@fintech.com;$2b$10$18TSNXQNkngERLtTtEd9t.ueVfDSFzM8D7vQRSTtIIqyXD0PjbVAm;12510.46;5531.85;false;user;2026-08-14 21:45:46.435;2026-08-29 00:00:00.208;;;true;;2026-09-05 15:00:00.000;2077.73;6392.70;0;false;false;inadimplente;30;5;;0;;;manufacturing;false;;1988-12-14;38;false;;;;Coreia do Sul;"03154";Rua Teheran-ro;"724";;Seocho;Busan;Seul;AMEX;5;EM_ATRASO_30D
"0b364ff5-0d31-43e9-8929-1268718d4313";Santiago Gomez;"11879646706";santiagogomez@fintech.com;$2b$10$t0.PZap5wtPw2zDQbUppV.R2MAAbEbhZUuPDeZEMUk1/YonwR3JIO;5221.23;5439.14;false;user;2026-07-24 17:07:38.906;2026-08-23 03:00:00.094;;;true;;2026-09-10 18:00:00.000;571.06;2971.06;0;false;false;adimplente;0;10;;0;;;unlocked;true;;2000-12-07;26;false;;;;Argentina;C1005;Avenida Colon;"632";;Palermo;Buenos Aires;CABA;ELO;10;EM_DIA
"81da2c50-b586-412b-a278-fae2e6674ad7";Matteo Rossi;"23626419533";matteorossi@fintech.com;$2b$10$gMKMGUE6YQCAa4EFGSMKQu0Xp0dTe01LxIgO53Xxs6K7Fa18IJ9iS;11655.22;5116.65;false;user;2026-07-29 23:48:35.668;2026-08-29 00:00:00.228;;;true;;2026-09-25 18:00:00.000;6696.85;7389.40;0;false;false;inadimplente;4;25;;0;;;manufacturing;false;;1955-11-11;71;false;;;;Itália;"20122";Via del Corso;"324";;Centro Storico;Napoles;Lombardia;MASTERCARD;25;EM_ATRASO_7D
"0bbec286-6d21-4180-a4fa-dc66e4d20bf3";Wei Li;"84585226834";weili@fintech.com;$2b$10$yjQaYQl42fNHfON73slxEeCbXGmIwMaso0HcxdkOwfYrsiQJhlhqe;5889.65;3215.09;false;user;2026-08-16 21:13:11.939;2026-08-29 00:00:00.242;;;true;;2026-09-05 15:00:00.000;13700.60;18290.43;0;false;false;inadimplente;28;5;;0;;;manufacturing;false;;1972-09-23;54;false;;;;China;"200030";Rua Beijing Road;"614";;Yuexiu;Guangzhou;Xangai;HIPERCARD;5;EM_ATRASO_30D
"340556cc-a870-4592-97ee-c2fa58828c26";Alícia Barros;"25713468361";Harmon37@hotmail.com;$2b$10$/Scm1M8ZYc3qNNQkDLiJz.Bbkoy6WnuJZGscsAyazHOZyEOuAvRty;2000.00;2000.00;false;customer;2026-07-04 02:54:07.651;2026-08-29 00:00:00.356;;;true;;2026-09-15 15:00:00.000;3520.13;5000.00;0;false;false;inadimplente;19;15;;0;"361";"07/31";unlocked;true;Cartão de Crédito em Produção;;;false;;;;Brasil;;;;;;;;MASTERCARD;10;EM_ATRASO_30D
c03a6d3f-4245-4199-bce9-9bbb8ee868e8;Alice Albuquerque;"18011225638";Heather63@gmail.com;$2b$10$/Scm1M8ZYc3qNNQkDLiJz.Bbkoy6WnuJZGscsAyazHOZyEOuAvRty;2000.00;2000.00;false;customer;2026-07-04 02:55:53.434;2026-08-29 00:00:00.373;;;true;;2026-09-15 15:00:00.000;3706.15;5000.00;0;false;false;inadimplente;19;15;;0;"638";"07/31";unlocked;true;Cartão de Crédito em Produção;;;false;;;;Brasil;;;;;;;;MASTERCARD;10;EM_ATRASO_30D
a51b620e-7c2b-408c-99d7-4b20af6ccfb8;Pierre Bernard;"35417211460";pierrebernard@fintech.com;$2b$10$/XTP9Dwi9NA/gv.TudQlT.5.cL.yhlehVJ3EJQ2.lY3FkUs9e29aW;2556.05;4958.57;false;user;2026-08-16 21:09:17.154;2026-08-16 21:09:17.337;;;true;;2026-09-05 15:00:00.000;7198.99;7653.25;0;false;false;adimplente;0;5;;0;;;unlocked;true;;1969-06-19;57;false;;;;França;"75006";Rue de Rivoli;"694";;"1er Arrondissement";Paris;Ile-de-France;MASTERCARD;5;EM_DIA
a2e3ab74-07fe-4444-941b-feb0ab1c0c6f;Sofia Esposito;"82474679928";sofiaesposito@fintech.com;$2b$10$EYcnD3NLjjHrmKk.v4Ti8.DmhcyuYTHd0.dFYXk3Hhk/25rqq9W7m;13270.67;2927.90;false;user;2026-08-16 21:09:28.936;2026-08-16 21:09:28.992;;;true;;2026-09-25 15:00:00.000;18168.33;19097.46;0;false;false;adimplente;0;25;;0;;;manufacturing;false;;2005-08-03;21;false;;;;Itália;"80121";Via Roma;"341";;Chiaia;Napoles;Lombardia;HIPERCARD;25;EM_DIA
"4cf2179d-a4db-44ce-b307-94221ca29e34";Bruno Henrique Alves;"42194343806";brunohenriquealves@fintech.com;$2b$10$SAZ31BMN16hH54/QkeoJFONiG5.Fn8OS9Wi24gRX97b87uxG1jwAK;11000.84;2579.49;false;user;2026-07-24 02:13:29.840;2026-08-23 03:00:00.169;;;true;;2026-09-15 18:00:00.000;3227.11;3227.11;0;false;false;adimplente;0;15;;0;;;unlocked;true;;1981-08-24;45;false;;;;Brasil;"01310-200";Avenida Paulista;"551";;Centro;Salvador;PR;VISA;15;EM_DIA
"9d3540e1-6d4f-4ff0-96b7-9a6a107226a3";Sonda Evento Bus;"27182818284";sonda.bus1787277636@fintech.com;$2b$10$Qhdgfd7E5NNA9.irmih/pu618mv5IPSgogZauhSh6fyApbMfswygi;500.00;1000.00;false;user;2026-08-20 23:00:37.108;2026-08-20 23:00:37.155;;;true;;2026-09-15 15:00:00.000;2141.25;3000.00;0;false;false;adimplente;0;15;;0;;;unlocked;true;;1992-05-05;34;false;;;;Brasil;"01310-100";Av Paulista;"200";;Bela Vista;Sao Paulo;SP;ELO;15;EM_DIA
"8ddec732-0a0a-4fc7-8430-e6f79fa65415";Albérade Chevalier;"86236132526";Alberade_Chevalier@gmail.com;$2b$10$4AfAL3jQgeK1wzeH7dndLe7DDA.r/VA6uCXsDsA/9fJgYa7Z37pJe;2000.00;2000.00;false;customer;2026-07-25 02:00:52.767;2026-08-29 00:00:00.297;;;true;;2026-09-10 18:00:00.000;4151.59;5000.00;0;false;false;inadimplente;19;10;;0;"526";"07/31";manufacturing;false;Cartão em produção. Criado em 25/07/2026, 02:00 UTC. Validade: 07/31, CVV: 526;;;false;;;;Brasil;;;;;;;;MASTERCARD;10;EM_ATRASO_30D
"6d2afa55-4c95-47ee-b280-faa973222961";Elísio Souza;"73012176728";Cayla_Hermann@gmail.com;$2b$10$/Scm1M8ZYc3qNNQkDLiJz.Bbkoy6WnuJZGscsAyazHOZyEOuAvRty;2000.00;2000.00;false;customer;2026-07-04 02:55:04.978;2026-08-29 00:00:00.314;;;true;;2026-09-15 15:00:00.000;3843.79;5000.00;0;false;false;inadimplente;19;15;;0;"728";"07/31";unlocked;true;Cartão de Crédito em Produção;;;false;;;;Brasil;;;;;;;;MASTERCARD;10;EM_ATRASO_30D
"374ee9d6-4269-4ac6-a00a-75ad08bd0b58";Ming Zhang;"92808200609";mingzhang@fintech.com;$2b$10$OQvUyFFzzAI1T4pXaROrCOCOnQE3cjq3oPssa5IzGHlTu.FsiXn3y;7549.73;5126.58;false;user;2026-08-16 21:09:41.040;2026-08-16 21:09:41.108;;;true;;2026-09-15 15:00:00.000;18949.11;19520.23;0;false;false;adimplente;0;15;;0;;;unlocked;true;;1955-03-13;71;false;;;;China;"100004";Avenida Huaihai;"190";;Huangpu;Xangai;Pequim;MASTERCARD;15;EM_DIA
a68449cf-8e7f-40b4-9213-af83c80bbfe1;Kenji Sato;"92957697327";kenjisato@fintech.com;$2b$10$iHGbwVhC4ddltCxCnXCzueujOQ0Z54qqFE80RcHmm8gxWuuu0dSE6;15039.88;3183.98;false;user;2026-08-16 21:10:17.843;2026-08-16 21:10:17.897;;;true;;2026-09-10 15:00:00.000;15941.36;16702.29;0;false;false;adimplente;0;10;;0;;;unlocked;true;;1951-07-05;75;false;;;;Japão;"160-0022";Rua Kawaramachi;"271";;Chuo-ku;Toquio;Toquio;ELO;10;EM_DIA
d85b579f-02bc-4327-b651-2aba03f1befb;Jiwoo Park;"41750109719";jiwoopark@fintech.com;$2b$10$IVvzFX9f/qtm8FCl6e6SQ.bkZms6cWsvZUy8ZFNgvR5UoAzWMBGYm;5972.53;2723.40;false;user;2026-08-16 21:10:27.754;2026-08-29 00:00:00.388;;;true;;2026-09-20 15:00:00.000;13059.87;17482.26;0;false;false;inadimplente;28;20;;0;;;unlocked;true;;1996-08-26;30;false;;;;Coreia do Sul;"48094";Rua Teheran-ro;"327";;Gangnam;Seul;Seul;MASTERCARD;20;EM_ATRASO_30D
"7a52cbba-86b7-4249-86ae-15ae8cf2b385";Jian Liu;"45447544025";jianliu@fintech.com;$2b$10$eTkokIy9iIB7MaRi2OGqeujr1LUyJD9hUTjmuths.lSCWAHRO.aWG;10908.02;4411.10;false;user;2026-08-16 21:11:03.016;2026-08-16 21:11:03.076;;;true;;2026-09-25 15:00:00.000;5654.54;6130.04;0;false;false;adimplente;0;25;;0;;;unlocked;true;;1950-07-03;76;false;;;;China;"200030";Avenida Huaihai;"431";;Yuexiu;Xangai;Pequim;ELO;25;EM_DIA
"97cfb444-aff8-4b06-9dcc-ca021c0b5695";Camila Lopez;"84979979998";camilalopez@fintech.com;$2b$10$cYZHcwrMz9QFXaB1goIGAub6qGVy2FYvS6Y3q1o5gq1vc0BQrFqUC;1692.16;1193.97;false;user;2026-08-16 21:11:24.157;2026-08-29 00:00:00.329;;;true;;2026-09-15 15:00:00.000;154.38;4509.77;0;false;false;inadimplente;28;15;;0;;;manufacturing;false;;1959-05-14;67;false;;;;Argentina;C1043;Avenida Colon;"740";;Centro;Buenos Aires;Cordoba;AMEX;15;EM_ATRASO_30D
"3df503f4-a4cb-40a7-82ea-8e2bf5a81e77";Paulette Jean;"61369613180";Paulette.Jean58@hotmail.fr;$2b$10$/Scm1M8ZYc3qNNQkDLiJz.Bbkoy6WnuJZGscsAyazHOZyEOuAvRty;2000.00;2000.00;false;customer;2026-07-22 23:16:42.515;2026-08-29 00:00:00.342;;;true;;2026-09-15 15:00:00.000;3352.67;5000.00;0;false;false;inadimplente;19;15;;0;"180";"07/31";unlocked;true;Cartão em produção. Criado em 22/07/2026, 23:16 UTC. Validade: 07/31, CVV: 180;;;false;;;;Brasil;;;;;;;;MASTERCARD;10;EM_ATRASO_30D
"19107736-d780-4452-930c-d902a3d8e7df";Coy Schmeler;"66414169091";Beverly56@yahoo.com;$2b$10$/Scm1M8ZYc3qNNQkDLiJz.Bbkoy6WnuJZGscsAyazHOZyEOuAvRty;2000.00;2000.00;false;customer;2026-07-04 02:51:07.722;2026-08-29 00:00:00.433;;;true;;2026-09-15 15:00:00.000;3978.17;5000.00;0;false;false;inadimplente;19;15;;0;"091";"07/31";unlocked;true;Cartão de Crédito em Produção;;;false;;;;Brasil;;;;;;;;MASTERCARD;10;EM_ATRASO_30D
ead61511-bc5f-47eb-b93f-38a407438d9b;Lucas Laurent;"80535757654";lucaslaurent@fintech.com;$2b$10$diyaSx9eLmG1ct6VZQdKOOCk1VCMr848GUok4P0LGF8XXuQ/g9THS;6088.11;3983.43;false;user;2026-07-29 23:50:22.762;2026-08-23 03:00:00.230;;;true;;2026-09-05 18:00:00.000;5000.00;5000.00;0;false;false;adimplente;0;5;;0;;;unlocked;true;;1993-06-07;33;false;;;;França;"75006";Boulevard Saint-Germain;"241";;Vieux-Port;Paris;Ile-de-France;HIPERCARD;5;EM_DIA
ba887f83-30c5-459e-8d9a-0318c06fdf37;Lukas Schneider;"13912221138";lukas.schneider@fintech.com;$2b$10$ProHlfoQZfXIxEgwEKBhI.Kf87KG.5OnXgyl8ZG9xvd6jJwYfiDES;2559.06;1450.85;false;user;2026-08-20 22:03:39.420;2026-08-29 00:00:00.448;;;true;;2026-09-25 15:00:00.000;1656.71;6060.67;0;false;false;inadimplente;24;25;;0;;;manufacturing;false;;2001-10-05;25;false;;;;Alemanha;"80539";Maximilianstrasse;"297";;Altstadt;Berlim;Berlim;AMEX;25;EM_ATRASO_30D
"143cd4f2-de3b-4a6b-947a-1fe5865b6711";Olivia Elizabeth Davis;"65921979198";olivia.davis@fintech.com;$2b$10$EKIHh3GYwsIhrfH5qDlweeblA.6oYEYUfvWyNF0mIsD1i6fU4NfUu;1291.89;4382.86;false;user;2026-08-20 22:03:31.290;2026-08-29 00:00:00.463;;;true;;2026-09-05 15:00:00.000;7487.38;11663.82;0;false;false;inadimplente;24;5;;0;;;manufacturing;false;;1986-09-19;40;false;;;;Estados Unidos;"90028";Michigan Avenue;"350";;Lincoln Park;San Francisco;CA;AMEX;5;EM_ATRASO_30D
b0edd266-787c-4e1a-8320-14ad1112b3f0;Nathalie Fournier;"77529588591";Nathalie_Fournier@yahoo.fr;$2b$10$/Scm1M8ZYc3qNNQkDLiJz.Bbkoy6WnuJZGscsAyazHOZyEOuAvRty;2000.00;2000.00;false;customer;2026-07-20 00:46:05.837;2026-08-29 00:00:00.476;;;true;;2026-09-15 15:00:00.000;137.78;5000.00;0;false;false;inadimplente;50;15;;0;"591";"07/31";unlocked;true;Cartão em produção. Criado em 20/07/2026, 00:46 UTC. Validade: 07/31, CVV: 591;;;false;;;;Brasil;;;;;;;;MASTERCARD;10;EM_ATRASO_30D
"533eee0a-5973-478e-8f45-e1fb63ff4263";Emily Rose Johnson;"09056318624";emilyrosejohnson@fintech.com;$2b$10$u7ZmreI6dQH9lAtYse/nUuupfKj/aOCMNWvcKvCLxsYapCeHOONe2;13274.23;3962.93;false;user;2026-08-16 21:11:38.267;2026-08-16 21:11:38.320;;;true;;2026-09-15 15:00:00.000;17175.60;18103.82;0;false;false;adimplente;0;15;;0;;;unlocked;true;;1992-08-01;34;false;;;;Estados Unidos;"33139";Broadway Street;"55";;Downtown;Los Angeles;CA;ELO;15;EM_DIA
"5f7ce1c2-6e35-40ef-b430-4f23550b6212";Karla Melo;"20250513611";Ladislau_Nogueira55@hotmail.com;$2b$10$/Scm1M8ZYc3qNNQkDLiJz.Bbkoy6WnuJZGscsAyazHOZyEOuAvRty;17000.00;2000.00;false;customer;2026-07-04 02:44:23.764;2026-08-29 00:00:00.489;;;true;;2026-09-15 15:00:00.000;3701.00;5000.00;0;false;false;inadimplente;50;15;;0;"611";"07/31";unlocked;true;Cartão de Crédito em Produção;;;false;;;;Brasil;;;;;;;;MASTERCARD;10;EM_ATRASO_30D
"6d5381e1-b9f1-49f3-b2de-020cdbeb1e82";Dalila Batista;"65451936372";Aline6@bol.com.br;$2b$10$/Scm1M8ZYc3qNNQkDLiJz.Bbkoy6WnuJZGscsAyazHOZyEOuAvRty;2000.00;2000.00;false;customer;2026-07-04 02:48:07.883;2026-08-29 00:00:00.516;;;true;;2026-09-15 15:00:00.000;3752.03;5000.00;0;false;false;inadimplente;19;15;;0;"372";"07/31";unlocked;true;Cartão de Crédito em Produção;;;false;;;;Brasil;;;;;;;;MASTERCARD;10;EM_ATRASO_30D
"613d716d-93db-4030-92b6-94b8b0b33be3";Test User;"12345678909";test@example.com;$2b$10$/Scm1M8ZYc3qNNQkDLiJz.Bbkoy6WnuJZGscsAyazHOZyEOuAvRty;2000.00;2000.00;false;customer;2026-07-20 16:10:49.326;2026-08-29 00:00:00.530;;;true;;2026-09-15 15:00:00.000;4197.39;5000.00;0;false;false;inadimplente;19;15;;0;"909";"07/31";unlocked;true;Cartão em produção. Criado em 20/07/2026, 16:10 UTC. Validade: 07/31, CVV: 909;;;false;;;;Brasil;;;;;;;;MASTERCARD;10;EM_ATRASO_30D
a9f89706-0313-402a-869d-b42128e26223;Kenji Sato;"16618184630";kenji.sato@fintech.com;$2b$10$FcuZ1Mfp26QxtOwVdQ.tDOLpB.sCjkbMKG.PamAt2kRSCH1dJPJG6;1951.23;2572.62;false;user;2026-08-20 22:03:44.249;2026-08-29 00:00:00.544;;;true;;2026-09-05 15:00:00.000;0.00;2700.40;0;false;false;inadimplente;24;5;;0;;;manufacturing;false;;2001-05-12;25;false;;;;Japão;"160-0022";Avenida Marunouchi;"723";;Chuo-ku;Toquio;Quioto;HIPERCARD;5;EM_ATRASO_30D
c55fdcff-bc7c-452b-9db9-fa1b26494a92;Valentina Rodriguez;"46945365409";valentinarodriguez@fintech.com;$2b$10$jtQ3wdFpkNAawW5O/HCEeuK6e149AYueBKFQVEbeu9Iztl4.ewy2y;11627.15;4293.37;false;user;2026-07-29 23:48:47.340;2026-08-29 00:00:00.560;;;true;;2026-09-05 18:00:00.000;19109.63;19629.14;0;false;false;inadimplente;24;5;;0;;;unlocked;true;;2007-10-28;19;false;;;;Argentina;C1043;Avenida 9 de Julio;"785";;San Telmo;Buenos Aires;Cordoba;VISA;5;EM_ATRASO_30D
"45d1fc0c-b16d-4f6a-9fc9-94caa20a83a8";Hannah Fischer;"88312964185";hannah.fischer@fintech.com;$2b$10$C6oAch3KY3G2cEksJ0gVZ.NwTqunsItATjLBFvUWSxvX92rZFepvC;3930.35;4962.67;false;user;2026-08-20 22:03:49.909;2026-08-29 00:00:00.583;;;true;;2026-09-10 15:00:00.000;565.40;4750.88;0;false;false;inadimplente;24;10;;0;;;manufacturing;false;;2000-06-27;26;false;;;;Alemanha;"10117";Kaufingerstrasse;"636";;Maxvorstadt;Munique;Baviera;VISA;10;EM_ATRASO_30D
f436b338-f25b-496c-9f96-f2baa6f431af;Joao Pedro Silva;"01086796160";joaopedrosilva@fintech.com;$2b$10$aC5i3NgUfVGgMKAKb2FrNO85EMbBZxGHq/EDID/dZVl9YoP0iGMGK;12333.89;5784.92;false;user;2026-08-16 21:11:45.730;2026-08-16 21:11:45.794;;;true;;2026-09-05 15:00:00.000;1408.64;2149.68;0;false;false;adimplente;0;5;;0;;;unlocked;true;;1957-11-01;69;false;;;;Portugal;"4000-064";Avenida da Liberdade;"254";;Santo Ildefonso;Porto;Lisboa;AMEX;5;EM_DIA
"8a679220-2d54-4345-bfd6-ba8f1fbe7dd9";Anceline Gauthier;"65184684166";Anceline_Gauthier7@hotmail.fr;$2b$10$/Scm1M8ZYc3qNNQkDLiJz.Bbkoy6WnuJZGscsAyazHOZyEOuAvRty;12000.00;2000.00;false;customer;2026-07-20 00:46:29.639;2026-08-23 03:00:00.206;;;true;;2026-09-15 15:00:00.000;4538.40;5000.00;0;false;false;adimplente;0;15;;0;"166";"07/31";unlocked;true;Cartão em produção. Criado em 20/07/2026, 00:46 UTC. Validade: 07/31, CVV: 166;;;false;;;;Brasil;;;;;;;;MASTERCARD;10;EM_DIA
"3b0bf142-2147-4b29-b644-6f23c325dab0";Mariana Costa Silva;"12902848900";marianacostasilva@fintech.com;$2b$10$3gVrMLEf1ouuZo7rKxwfXejOqRLW9FFo7u64QPtFuHzvCMIosBMee;4954.18;5137.81;false;user;2026-07-24 00:47:09.969;2026-08-29 00:00:00.402;;;true;;2026-09-15 15:00:00.000;14760.25;15619.97;0;false;false;inadimplente;19;15;;0;;;unlocked;true;;1995-12-28;31;false;;;;Brasil;"30130-010";Avenida Paulista;"295";;Centro;Sao Paulo;RJ;VISA;20;EM_ATRASO_30D
ec60ce8a-7ebd-4a6a-bab7-16ef22fbeb78;Rafael Xavier;"76726514039";Michelle_Schmeler@yahoo.com;$2b$10$/Scm1M8ZYc3qNNQkDLiJz.Bbkoy6WnuJZGscsAyazHOZyEOuAvRty;2000.00;2000.00;false;customer;2026-07-04 02:57:12.505;2026-08-29 00:00:00.417;;;true;;2026-09-15 15:00:00.000;0.00;5000.00;0;false;false;inadimplente;50;15;;0;"039";"07/31";unlocked;true;Cartão de Crédito em Produção;;;false;;;;Brasil;;;;;;;;MASTERCARD;10;EM_ATRASO_30D
f13212f1-2c6a-4f91-aef6-939f41498d60;Cliente Amex Vip;"66655544433";cliente.amexvip@fintech.com;$2b$10$/Scm1M8ZYc3qNNQkDLiJz.Bbkoy6WnuJZGscsAyazHOZyEOuAvRty;25000.00;10000.00;false;user;2026-07-23 01:41:42.907;2026-08-29 00:00:00.715;;;true;;2026-09-15 15:00:00.000;49289.70;50000.00;0;false;false;inadimplente;19;15;;0;;;manufacturing;false;;1988-11-25;38;false;;;;Estados Unidos;;;;;;;;AMEX;10;EM_ATRASO_30D
bd844c73-45f7-4d50-878a-90be9dd8fc70;Teste Carga Retroativa;"12310012300";teste.retroativa@email.com;$2b$10$gcigQufkVHs3TWEMC7VASe9NAGsR4EYOuTwfnOrfWhova4RlNw/HG;7530.70;1000.00;false;admin;2026-07-27 22:48:39.614;2026-08-29 00:00:00.684;;;true;;2026-09-10 18:00:00.000;5000.00;5000.00;0;false;false;inadimplente;48;10;;0;;;unlocked;true;;;;false;;;;Brasil;;;;;;;;MASTERCARD;10;EM_ATRASO_30D
"002924c2-35e2-47dd-8a8f-9ad5eedcb190";User Teste;"98765432100";userteste@test.com;$2b$10$/Scm1M8ZYc3qNNQkDLiJz.Bbkoy6WnuJZGscsAyazHOZyEOuAvRty;2000.00;2000.00;false;customer;2026-07-07 21:54:21.141;2026-08-29 00:00:00.599;;;true;;2026-09-15 15:00:00.000;0.00;5000.00;0;false;false;inadimplente;50;15;;1;"100";"07/31";unlocked;true;Cartão em produção. Criado em 07/07/2026, 21:54 UTC. Validade: 07/31, CVV: 100;;;false;;;;Brasil;;;;;;;;MASTERCARD;10;EM_ATRASO_30D
bc2ee8e0-0b45-462a-966b-f90d40fad385;Martim Costa;"02915062919";martimcosta@fintech.com;$2b$10$r.NxpqhhTApJgpOQKeB68.PUfp445B4WnbvelidM1LYTd7xgCjF3y;2913.49;1155.26;false;user;2026-07-29 23:49:02.082;2026-08-29 00:00:00.614;;;true;;2026-09-20 18:00:00.000;4279.70;5062.37;0;false;false;inadimplente;9;20;;0;;;manufacturing;false;;1968-02-04;58;false;;;;Portugal;"4000-442";Rua de Santa Catarina;"318";;Santo Ildefonso;Lisboa;Porto;ELO;20;EM_ATRASO_15D
seed-44444444444;Fernanda Lima;"44444444444";fernanda@example.com;$2b$10$/Scm1M8ZYc3qNNQkDLiJz.Bbkoy6WnuJZGscsAyazHOZyEOuAvRty;20800.75;2000.00;false;user;2026-07-24 01:02:40.065;2026-08-23 03:00:00.180;;;true;;2026-09-15 07:58:07.704;10000.00;15000.00;0;false;false;adimplente;0;15;;0;;;unlocked;true;;;;false;;;;Brasil;;;;;;;;MASTERCARD;10;EM_DIA
cb9acbef-385b-4cc6-8583-9efcdf44daa6;Lane Larkin;"24930613945";Luz_Quitzon@yahoo.com;$2b$10$/Scm1M8ZYc3qNNQkDLiJz.Bbkoy6WnuJZGscsAyazHOZyEOuAvRty;2000.00;2000.00;false;customer;2026-07-04 02:51:32.109;2026-08-29 00:00:00.633;;;true;;2026-09-15 15:00:00.000;284.02;5000.00;0;false;false;inadimplente;50;15;;0;"945";"07/31";unlocked;true;Cartão de Crédito em Produção;;;false;;;;Brasil;;;;;;;;MASTERCARD;10;EM_ATRASO_30D
"4676e968-9e64-4bb5-b771-fb1929543b3c";Annonciade Poirier;"38882777448";Annonciade.Poirier@hotmail.fr;$2b$10$/Scm1M8ZYc3qNNQkDLiJz.Bbkoy6WnuJZGscsAyazHOZyEOuAvRty;2000.00;2000.00;false;customer;2026-07-19 00:39:10.205;2026-08-29 00:00:00.650;;;true;;2026-09-15 15:00:00.000;3602.09;5000.00;0;false;false;inadimplente;19;15;;0;"448";"07/31";unlocked;true;Cartão em produção. Criado em 19/07/2026, 00:39 UTC. Validade: 07/31, CVV: 448;;;false;;;;Brasil;;;;;;;;MASTERCARD;10;EM_ATRASO_30D
"0adbfa4c-618e-445f-baf8-4e50520756b6";Haewon Jung;"47783749321";haewon.jung@fintech.com;$2b$10$brf9rpqb7FoYo6QeILVJIe44jm8bPAv4.O12Srsru4PbamcYToP6m;11338.54;1760.24;false;user;2026-08-20 22:04:00.967;2026-08-29 00:00:00.669;;;true;;2026-09-05 15:00:00.000;8446.32;13021.54;0;false;false;inadimplente;24;5;;0;;;unlocked;true;;1970-10-10;56;false;;;;Coreia do Sul;"03154";Avenida Jong-ro;"151";;Gangnam;Seul;Seul;MASTERCARD;5;EM_ATRASO_30D
"4d6efa1b-ca4e-4570-9574-65fd62508a6c";Lukas Schneider;"17058588562";lukasschneider@fintech.com;$2b$10$XtOHEtJWdHUzU/8fKbqU9enkiDUp7J4Vvo.Xt0HL5Ab49nNCKsZ.m;9296.61;5681.38;false;user;2026-08-03 20:33:47.767;2026-08-03 20:33:48.448;;;true;;2026-09-25 15:00:00.000;15847.32;16604.02;0;false;false;adimplente;0;25;;0;;;unlocked;true;;1974-06-18;52;false;;;;Alemanha;"10117";Kaufingerstrasse;"500";;Altstadt;Munique;Baviera;HIPERCARD;25;EM_DIA
ac473d65-9e13-453b-90b7-aa42919dcbb2;Cliente Cartao Teste;"77766655544";cliente.cartao@fintech.com;$2b$10$/Scm1M8ZYc3qNNQkDLiJz.Bbkoy6WnuJZGscsAyazHOZyEOuAvRty;10000.00;4000.00;false;user;2026-07-23 01:30:16.068;2026-08-29 00:00:00.699;;;true;;2026-09-15 15:00:00.000;9788.77;15000.00;0;false;false;inadimplente;50;15;;0;;;unlocked;true;;1992-04-10;34;false;;;;Japao;;;;;;;;VISA;20;EM_ATRASO_30D
"1dddfb0d-8406-436a-8ef1-59cf4bc7d421";Integration Test User;"88888888888";test8@fintech.com;$2b$10$McFqwePREuuhItMPmorYP.gLNStPV0qBLFnOvufdezJm4fsmhysdO;2000.00;2000.00;false;customer;2026-07-15 21:25:14.029;2026-08-29 00:00:00.784;;;true;;2026-09-15 15:00:00.000;3520.44;5000.00;0;false;false;inadimplente;19;15;;0;"888";"07/31";unlocked;true;Cartão em produção. Criado em 15/07/2026, 21:25 UTC. Validade: 07/31, CVV: 888;;;false;;;;Brasil;;;;;;;;MASTERCARD;10;EM_ATRASO_30D
"45d02739-f24b-4ffc-9029-7dad449d3f11";Felix Weber;"42681570697";felixweber@fintech.com;$2b$10$2w.rfrzty7Hw.gFM5J0jR.tTTJReEWPLWXiYgjYZ6Dag4I4xpAuki;6756.02;3227.54;false;user;2026-07-27 03:39:40.791;2026-08-29 00:00:00.819;;;true;;2026-09-20 18:00:00.000;4277.26;8791.48;0;false;false;inadimplente;48;20;;0;;;unlocked;true;;1999-12-21;27;false;;;;Alemanha;"10117";Kurfuerstendamm;"344";;Mitte;Munique;Berlim;HIPERCARD;20;EM_ATRASO_30D
abb92692-162d-4aca-b038-53b0fd2030c9;Philomène Fabre;"28832869497";Philomene.Fabre12@hotmail.fr;$2b$10$/Scm1M8ZYc3qNNQkDLiJz.Bbkoy6WnuJZGscsAyazHOZyEOuAvRty;2000.00;2000.00;false;customer;2026-07-22 23:59:39.022;2026-08-29 00:00:00.835;;;true;;2026-09-15 15:00:00.000;0.00;5000.00;0;false;false;inadimplente;50;15;;0;"497";"07/31";unlocked;true;Cartão em produção. Criado em 22/07/2026, 23:59 UTC. Validade: 07/31, CVV: 497;;;false;;;;Brasil;;;;;;;;MASTERCARD;10;EM_ATRASO_30D
"857acdbb-f913-4357-9dda-4394077e82f4";Charline Rodriguez;"97504636177";Charline_Rodriguez@gmail.com;$2b$10$/Scm1M8ZYc3qNNQkDLiJz.Bbkoy6WnuJZGscsAyazHOZyEOuAvRty;2000.00;2000.00;false;customer;2026-07-19 07:01:56.574;2026-08-29 00:00:00.884;;;true;;2026-09-15 15:00:00.000;3690.09;5000.00;0;false;false;inadimplente;19;15;;0;"177";"07/31";unlocked;true;Cartão em produção. Criado em 19/07/2026, 07:01 UTC. Validade: 07/31, CVV: 177;;;false;;;;Brasil;;;;;;;;MASTERCARD;10;EM_ATRASO_30D
"00c7b2b8-9830-49e3-bf4e-481e08bdc6ad";Michael David Williams;"34310951783";michaeldavidwilliams@fintech.com;$2b$10$sPYOwD4wcBKDnrh1wWB1h.x9ummlOXpDGbtZF5sLeuiN/vzikFq4i;10982.15;1888.60;false;user;2026-07-27 03:39:18.413;2026-08-23 03:00:00.134;;;true;;2026-09-15 18:00:00.000;9569.15;10115.99;0;false;false;adimplente;0;15;;0;;;manufacturing;false;;2000-04-07;26;false;;;;Estados Unidos;"60611";Fifth Avenue;"473";;Lincoln Park;Los Angeles;FL;HIPERCARD;15;EM_DIA
"5ca385ec-4af5-4678-9c4d-22a5a63b037f";Noura Al-Saud;"98215828507";nouraal-saud@fintech.com;$2b$10$ZQqYniV2MUD03p7Q7Pco3Otx1EzazOqegQh1FdyZTnWHlfoiBFj3y;9802.95;4630.62;false;user;2026-07-29 23:50:15.896;2026-08-23 03:00:00.243;;;true;;2026-09-05 18:00:00.000;13800.79;21000.79;0;false;false;adimplente;0;5;;0;;;unlocked;true;;1994-10-18;32;false;;;;Arábia Saudita;"23212";Avenida King Fahd;"195";;Al-Malaz;Dammam;Oriental;VISA;5;EM_DIA
a89b30a3-a892-492f-807b-98410e9b7e0e;Dohyun Choi;"58480256907";dohyunchoi@fintech.com;$2b$10$RDEs52FkGYUuTNCd4yolneKhSzbkim7v.GsnDexjfP0RgjVtIhNvq;12495.70;2999.72;false;user;2026-07-29 23:49:44.596;2026-08-29 00:00:00.731;;;true;;2026-09-20 18:00:00.000;19742.18;20700.54;0;false;false;inadimplente;9;20;;0;;;manufacturing;false;;1950-03-28;76;false;;;;Coreia do Sul;"06591";Rua Teheran-ro;"760";;Jongno-gu;Seul;Seul;AMEX;20;EM_ATRASO_15D
dd6e90e2-6f7c-4064-bd12-7e4f951e473f;Maximilian Mueller;"74478435715";maximilianmueller@fintech.com;$2b$10$mBixUijnjigwsexQ4/thvO5FmA4GXmrYOjKMACcObcRrnDRH5gDgu;3412.12;5103.59;false;user;2026-08-20 21:44:06.571;2026-08-29 00:00:00.748;;;true;;2026-09-05 15:00:00.000;0.00;3907.21;0;false;false;inadimplente;24;5;;0;;;manufacturing;false;;1951-09-19;75;false;;;;Alemanha;"10707";Maximilianstrasse;"444";;Mitte;Berlim;Berlim;ELO;5;EM_ATRASO_30D
"6f29be72-188c-40a5-a867-25fea7d233a5";Morgan Poirier;"58628880208";Morgan_Poirier@yahoo.fr;$2b$10$5VauKU1tGI2dtLJ.Jq1cJOIMy9A8CXqHEZtVqxrFHg6/1Szu.zUcm;2000.00;2000.00;false;customer;2026-08-01 01:12:47.993;2026-08-11 00:20:20.606;;;true;;2026-09-10 18:00:00.000;5000.00;5000.00;0;false;false;adimplente;0;10;;0;"208";"07/31";manufacturing;false;Cartão em produção. Criado em 01/08/2026, 01:12 UTC. Validade: 07/31, CVV: 208;;;false;;;;Brasil;;;;;;;;MASTERCARD;10;EM_DIA
"8df9e41b-af66-42e2-a072-b08b4704fecf";Yan Yang;"77751515015";yanyang@fintech.com;$2b$10$W83zVUdMx5dO0fr9ffTRkOZvfLPzKiJY6MkZXzmNkhYiJwgi0Y03O;12216.95;4537.15;false;user;2026-08-08 22:55:15.359;2026-08-08 22:55:15.449;;;true;;2026-09-10 15:00:00.000;7953.82;8921.79;0;false;false;adimplente;0;10;;0;;;unlocked;true;;1994-04-02;32;false;;;;China;"100004";Rua Nanjing East;"361";;Chaoyang;Pequim;Guangdong;AMEX;10;EM_DIA
"23336b1e-bf4a-4c39-8e50-b46b9559f620";Marvin Dietrich;"72856446096";Kraig.Erdman@yahoo.com;$2b$10$/Scm1M8ZYc3qNNQkDLiJz.Bbkoy6WnuJZGscsAyazHOZyEOuAvRty;2000.00;2000.00;false;customer;2026-07-04 02:52:02.870;2026-08-29 00:00:00.853;;;true;;2026-09-15 15:00:00.000;0.00;5000.00;0;false;false;inadimplente;50;15;;0;"096";"07/31";unlocked;true;Cartão de Crédito em Produção;;;false;;;;Brasil;;;;;;;;MASTERCARD;10;EM_ATRASO_30D
b76cd4cf-e5da-4982-a76c-97a2aadc58bd;Boniface Gauthier;"21005484686";Boniface.Gauthier4@yahoo.fr;$2b$10$g9HGeNFd76uw9.eOBvyVruVdx3sKRZ4i8qizynxpWvuddLUUqZsu.;2000.00;2000.00;false;customer;2026-08-01 01:12:16.805;2026-08-11 00:20:20.515;;;true;;2026-09-10 18:00:00.000;5000.00;5000.00;0;false;false;adimplente;0;10;;0;"686";"07/31";manufacturing;false;Cartão em produção. Criado em 01/08/2026, 01:12 UTC. Validade: 07/31, CVV: 686;;;false;;;;Brasil;;;;;;;;MASTERCARD;10;EM_DIA
"44418bf6-6d9d-49b6-85de-b08f25a424d2";Test User;"77777777777";test7@fintech.com;$2b$10$McFqwePREuuhItMPmorYP.gLNStPV0qBLFnOvufdezJm4fsmhysdO;2000.00;2000.00;false;customer;2026-07-15 18:46:03.298;2026-08-29 00:00:00.766;;;true;;2026-09-15 15:00:00.000;0.00;5000.00;0;false;false;inadimplente;50;15;;0;"777";"07/31";unlocked;true;Cartão em produção. Criado em 15/07/2026, 18:46 UTC. Validade: 07/31, CVV: 777;;;false;;;;Brasil;;;;;;;;MASTERCARD;10;EM_ATRASO_30D
b2f5193b-bd1d-44c9-92b0-db7946a5923b;Sophie Schmidt;"15803041416";sophieschmidt@fintech.com;$2b$10$DWrVFEXycIT9YBfFYHYvCu4KyTFhJfqAFj3LP8vAQGkN/RIFZjcsi;977.93;1189.24;false;user;2026-08-08 22:55:31.615;2026-08-08 22:55:31.724;;;true;;2026-09-15 15:00:00.000;3546.10;4248.66;0;false;false;adimplente;0;15;;0;;;manufacturing;false;;1987-04-19;39;false;;;;Alemanha;"10117";Kaufingerstrasse;"511";;Altstadt;Berlim;Berlim;HIPERCARD;15;EM_DIA
da0870b6-968c-40c4-b3fa-cde44f5e149f;Aoi Yamamoto;"89331225245";aoiyamamoto@fintech.com;$2b$10$baEvqhzqAN6s1AeFR7B/auawBj7jPdF1jQol3O8.5hwkdN8t6qhNm;639.69;1200.00;false;user;2026-08-01 02:38:42.804;2026-08-29 00:00:00.920;;;true;;2026-09-25 18:00:00.000;7107.28;7669.31;0;false;false;inadimplente;4;25;;0;;;manufacturing;false;;1951-10-19;75;false;;;;Japão;"100-0005";Rua Ginza Chuo;"440";;Shinjuku;Toquio;Toquio;ELO;25;EM_ATRASO_7D
"3ce99a8b-5320-4473-aaae-9781664762bb";Adrienne Giraud;"07817267197";Adrienne_Giraud@yahoo.fr;$2b$10$/Scm1M8ZYc3qNNQkDLiJz.Bbkoy6WnuJZGscsAyazHOZyEOuAvRty;2000.00;2000.00;false;customer;2026-07-05 00:08:59.433;2026-08-29 00:00:00.934;;;true;;2026-09-15 15:00:00.000;4597.04;5000.00;0;false;false;inadimplente;19;15;;0;"197";"07/31";unlocked;true;Cartão de Crédito em Produção;;;false;;;;Brasil;;;;;;;;MASTERCARD;10;EM_ATRASO_30D
"19187443-3a3e-4ceb-9658-f31e2e2bf828";Khalid Al-Zahrani;"68737946439";khalidal-zahrani@fintech.com;$2b$10$0h2Foo8A.xZO4hQyhvwTm.e99nzRZm3JTTOAOZM.GOIoVFmw.Iy9a;7506.00;2475.31;false;user;2026-07-31 01:28:08.813;2026-08-29 00:00:00.950;;;true;;2026-09-25 18:00:00.000;7881.64;12107.46;0;false;false;inadimplente;45;25;;0;;;unlocked;true;;1963-09-20;63;false;;;;Arábia Saudita;"32414";Avenida King Fahd;"515";;Al-Olaya;Dammam;Oriental;AMEX;25;EM_ATRASO_30D
"35adbeeb-7788-4bd5-8734-129121ec5257";Camila Beatriz Santos;"42111679011";camilabeatrizsantos@fintech.com;$2b$10$vYp7.uccuoDbxi/nJ0XZ1uYdIohF629mwElB6crvyux34.UW9B2Ky;7110.18;3931.17;false;user;2026-07-24 02:11:30.127;2026-08-29 00:00:00.967;;;true;;2026-09-15 18:00:00.000;11539.86;17117.44;0;false;false;inadimplente;50;15;;0;;;unlocked;true;;1998-08-23;28;false;;;;Brasil;"01310-200";Avenida Brigadeiro Faria Lima;"383";;Bela Vista;Rio de Janeiro;SP;MASTERCARD;15;EM_ATRASO_30D
"04b32d51-f63b-4e88-8731-e253a8ea1c33";Adalard Rodriguez;"83052128400";Adalard.Rodriguez@yahoo.fr;$2b$10$cjUuOpSGmDEK0hG5jw9pnem/jO4ZfzBxcM92jgf9b8pVKnifr18Ie;2000.00;2000.00;false;customer;2026-08-01 02:22:34.380;2026-08-11 00:20:20.869;;;true;;2026-09-10 18:00:00.000;5000.00;5000.00;0;false;false;adimplente;0;10;;0;"400";"07/31";manufacturing;false;Cartão em produção. Criado em 01/08/2026, 02:22 UTC. Validade: 07/31, CVV: 400;;;false;;;;Brasil;;;;;;;;MASTERCARD;10;EM_DIA
"974acc92-0001-4f5f-9b55-07836b2d1999";Ren Ito;"41649264658";renito@fintech.com;$2b$10$pteGUF2.AtmMhEcgj/iJI.0M.LI1otGgD3Qrnd22jZst0X1.NZtFK;10010.49;3869.86;false;user;2026-07-31 01:27:50.194;2026-08-29 00:00:00.983;;;true;;2026-09-05 18:00:00.000;7987.56;8884.43;0;false;false;inadimplente;24;5;;0;;;unlocked;true;;1958-02-05;68;false;;;;Japão;"160-0022";Rua Ginza Chuo;"229";;Chiyoda;Quioto;Toquio;ELO;5;EM_ATRASO_30D
"389af752-5b24-4fe7-92a4-894a9eac1388";Absalon Olivier;"43204282856";Absalon.Olivier55@yahoo.fr;$2b$10$/Scm1M8ZYc3qNNQkDLiJz.Bbkoy6WnuJZGscsAyazHOZyEOuAvRty;2000.00;2000.00;false;customer;2026-07-20 14:29:47.874;2026-08-29 00:00:01.003;;;true;;2026-09-15 15:00:00.000;3529.58;5000.00;0;false;false;inadimplente;19;15;;0;"856";"07/31";unlocked;true;Cartão em produção. Criado em 20/07/2026, 14:29 UTC. Validade: 07/31, CVV: 856;;;false;;;;Brasil;;;;;;;;MASTERCARD;10;EM_ATRASO_30D
"6b77d51f-d14d-497d-82a0-bf7d9bd06061";João Miguel Silva;"18956389652";JoaoMiguel.Silva@hotmail.com;$2b$10$/Scm1M8ZYc3qNNQkDLiJz.Bbkoy6WnuJZGscsAyazHOZyEOuAvRty;2000.00;2000.00;false;customer;2026-07-04 03:00:10.819;2026-08-29 00:00:01.021;;;true;;2026-09-15 15:00:00.000;3581.86;5000.00;0;false;false;inadimplente;19;15;;0;"652";"07/31";unlocked;true;Cartão de Crédito em Produção;;;false;;;;Brasil;;;;;;;;MASTERCARD;10;EM_ATRASO_30D
d46c081f-4c7f-48b9-aaa7-8c10439b9245;Fahad Al-Ghamdi;"42062517700";fahad.ghamdi@fintech.com;$2b$10$WIfqn36z7ZUC2zsONPIbyOjIdzSTPrtYdGwoXvZ.wy/4SnD5ayI5u;6831.36;2335.09;false;user;2026-08-20 22:04:11.093;2026-08-29 00:00:01.037;;;true;;2026-09-20 15:00:00.000;9356.44;13870.36;0;false;false;inadimplente;24;20;;0;;;manufacturing;false;;1952-03-12;74;false;;;;Arábia Saudita;"32414";Rua Corniche;"520";;Al-Shati;Riad;Riad;HIPERCARD;20;EM_ATRASO_30D
da5dac40-907d-4d43-b2cb-54a3f5fcf129;Rafael Moreira;"42975897884";Marcelo_Santos52@live.com;$2b$10$/Scm1M8ZYc3qNNQkDLiJz.Bbkoy6WnuJZGscsAyazHOZyEOuAvRty;2000.00;2000.00;false;customer;2026-07-04 02:46:27.071;2026-08-29 00:00:01.055;;;true;;2026-09-15 15:00:00.000;3546.71;5000.00;0;false;false;inadimplente;19;15;;0;"884";"07/31";unlocked;true;Cartão de Crédito em Produção;;;false;;;;Brasil;;;;;;;;MASTERCARD;10;EM_ATRASO_30D
"0adde0d7-846d-47da-92a9-535160cf3840";Giulia Russo;"74929424194";giuliarusso@fintech.com;$2b$10$5CTeS6yApJmxDKSUFaBJ0O3XJpkgrv2NIXA5xdpQt8vmz6ksjTHXy;1001.85;3532.45;false;user;2026-08-01 02:39:13.787;2026-08-29 00:00:01.072;;;true;;2026-09-15 18:00:00.000;4726.26;8998.41;0;false;false;inadimplente;44;15;;0;;;unlocked;true;;1981-09-26;45;false;;;;Itália;"00186";Via Montenapoleone;"200";;Brera;Napoles;Campania;VISA;15;EM_ATRASO_30D
ca7af10c-dd59-4fb4-892b-2cb8f7c64c2b;Haewon Jung;"93544490340";haewonjung@fintech.com;$2b$10$pFkHHC5Kf7wTb2EYSF5.re48BEp5kZY2fir4ImwZ04uVmM6ufmsy2;5744.79;3700.65;false;user;2026-07-31 01:27:22.069;2026-08-29 00:00:01.092;;;true;;2026-09-15 18:00:00.000;7918.79;8652.49;0;false;false;inadimplente;14;15;;0;;;unlocked;true;;2002-01-15;24;false;;;;Coreia do Sul;"06164";Avenida Jong-ro;"840";;Seocho;Seul;Seul;ELO;15;EM_ATRASO_15D
"4178c527-114a-4a34-ae42-7f5e1b062f9e";Yuki Takahashi;"77148062578";yukitakahashi@fintech.com;$2b$10$IRyOx9Zs1GUNjoO8zBelR.5u7XjtLPCNQXe/pkgiWbeOT274XLJxq;9347.12;5553.64;false;user;2026-08-01 02:38:53.780;2026-08-29 00:00:01.109;;;true;;2026-09-25 18:00:00.000;6894.82;7390.89;0;false;false;inadimplente;4;25;;0;;;manufacturing;false;;1960-03-01;66;false;;;;Japão;"542-0071";Avenida Marunouchi;"510";;Chuo-ku;Toquio;Toquio;HIPERCARD;25;EM_ATRASO_7D
"96414e08-df1e-4b3b-837c-6699e3b83b63";Taro Tanaka;"51742065392";tarotanaka@fintech.com;$2b$10$8atCUUE5k/cYl/asoa3btucXDjQcRzg1hPFupmlE15lzhOZ9Rlgtq;12340.51;1010.23;false;user;2026-07-31 01:28:26.020;2026-08-29 00:00:01.132;;;true;;2026-09-20 18:00:00.000;12274.70;16759.99;0;false;false;inadimplente;45;20;;0;;;unlocked;true;;1974-11-16;52;false;;;;Japão;"604-8026";Rua Ginza Chuo;"749";;Namba;Toquio;Osaka;VISA;20;EM_ATRASO_30D
"981931a8-b6cb-47c6-aa87-f87d1833d166";Angilran Morin;"42718533218";Angilran.Morin@hotmail.fr;$2b$10$/Scm1M8ZYc3qNNQkDLiJz.Bbkoy6WnuJZGscsAyazHOZyEOuAvRty;2000.00;2000.00;false;customer;2026-07-05 00:06:43.725;2026-08-29 00:00:01.151;;;true;;2026-09-15 15:00:00.000;3781.63;5000.00;0;false;false;inadimplente;19;15;;0;"218";"07/31";unlocked;true;Cartão de Crédito em Produção;;;false;;;;Brasil;;;;;;;;MASTERCARD;10;EM_ATRASO_30D
"37fe81ad-502e-4c16-b3b1-a6081022a09f";Fatima Al-Harbi;"15351515369";fatimaal-harbi@fintech.com;$2b$10$fEfcTBWRATT6We/zc6JS7Okcd3cZP9GikXnwKxrKaokqsn.JkYsuO;2477.81;4497.43;false;user;2026-07-31 01:28:14.945;2026-08-29 00:00:01.176;;;true;;2026-09-20 18:00:00.000;5484.85;6400.50;0;false;false;inadimplente;9;20;;0;;;manufacturing;false;;1954-08-22;72;false;;;;Arábia Saudita;"12836";Rua Corniche;"734";;Al-Olaya;Riad;Meca;ELO;20;EM_ATRASO_15D
"1d346920-3a64-408b-9338-15a1efa1763a";Admin User;"99999999999";admin@fintechbank.com;$2b$10$s53oM38.vmcqXsiy4CpOuunE2B9DYoJyYgHOKIFIdG1SGSm2owN6u;100000.00;100000.00;false;admin;2026-08-29 14:44:42.783;2026-08-29 14:44:42.783;;;true;;;5000.00;5000.00;0;false;false;adimplente;0;15;;0;;;;false;;;;false;;;;Brasil;;;;;;;;MASTERCARD;10;EM_DIA
"1ffd3c2b-4f55-4efd-b230-aec044a7724a";Admin User;"11111111111";admin@fintech.com;$2b$10$gcigQufkVHs3TWEMC7VASe9NAGsR4EYOuTwfnOrfWhova4RlNw/HG;6500.09;2000.00;false;admin;2026-06-28 01:37:13.770;2026-08-22 01:17:49.856;;;true;"08/30";2026-09-19 01:58:07.295;5000.00;5000.00;0;false;false;adimplente;0;15;;2;"111";"06/31";unlocked;true;Cartão de Crédito em Produção;;;false;;;;Brasil;;;;;;;;MASTERCARD;10;EM_DIA
a340d97a-ad07-495f-944c-63542f86726f;William Robert Miller;"30857462261";william.miller@fintech.com;$2b$10$7ffgZq7vwazD6NsVJ.PhMeGhkD/FgtpH3vQDyjbdY2Xf5VZkwhILq;3827.43;2656.69;false;user;2026-08-20 22:04:30.914;2026-08-20 22:04:30.961;;;true;;2026-09-25 15:00:00.000;16002.30;16751.29;0;false;false;adimplente;0;25;;0;;;unlocked;true;;1988-06-26;38;false;;;;Estados Unidos;"94102";Broadway Street;"550";;Downtown;Nova York;FL;AMEX;25;EM_DIA
b291371d-de89-4e08-b574-cd8e7c537aa1;Beatriz Franco;"90917191782";Beatriz.Franco17@yahoo.com;$2b$10$/Scm1M8ZYc3qNNQkDLiJz.Bbkoy6WnuJZGscsAyazHOZyEOuAvRty;2000.00;2000.00;false;customer;2026-07-04 03:03:48.213;2026-08-29 00:00:00.903;;;true;;2026-09-15 15:00:00.000;3533.01;5000.00;0;false;false;inadimplente;19;15;;0;"782";"07/31";unlocked;true;Cartão de Crédito em Produção;;;false;;;;Brasil;;;;;;;;MASTERCARD;10;EM_ATRASO_30D
fbd438a2-e7ed-40c4-b873-566f583beee0;Émile Clement;"28818393472";Emile_Clement@gmail.com;$2b$10$/Scm1M8ZYc3qNNQkDLiJz.Bbkoy6WnuJZGscsAyazHOZyEOuAvRty;2000.00;2000.00;false;customer;2026-07-20 01:52:25.103;2026-08-29 00:00:01.231;;;true;;2026-09-15 15:00:00.000;29.37;5000.00;0;false;false;inadimplente;50;15;;0;"472";"07/31";unlocked;true;Cartão em produção. Criado em 20/07/2026, 01:52 UTC. Validade: 07/31, CVV: 472;;;false;;;;Brasil;;;;;;;;MASTERCARD;10;EM_ATRASO_30D
"36a80047-fe02-46fc-a891-e5c8c8ed2975";Sophia Grace Brown;"49768246758";sophiagracebrown@fintech.com;$2b$10$lb37JSN/KB.0DNKu6jEoSeQpXae8v6zIxLIgLaL4hgChxu4tICjMi;8713.15;4176.21;false;user;2026-08-14 20:42:24.510;2026-08-14 20:42:24.600;;;true;;2026-09-20 15:00:00.000;14701.92;15623.91;0;false;false;adimplente;0;20;;0;;;unlocked;true;;1974-01-06;52;false;;;;Estados Unidos;"94102";Sunset Boulevard;"798";;Hollywood;San Francisco;IL;HIPERCARD;20;EM_DIA
"676ebbfa-427d-4cc6-9d12-d58f4041caa1";Alexander James Smith;"57855482407";alexanderjamessmith@fintech.com;$2b$10$6in1EMiproy5rrjjGeFdqOczIT5EyTH4t/NtQKT4xGbi.EVk3AiIa;9293.26;3719.01;false;user;2026-08-14 20:43:29.253;2026-08-29 00:00:01.250;;;true;;2026-09-20 15:00:00.000;10291.78;14627.69;0;false;false;inadimplente;30;20;;0;;;unlocked;true;;2003-04-11;23;false;;;;Estados Unidos;"10001";Michigan Avenue;"65";;Midtown;Los Angeles;GA;VISA;20;EM_ATRASO_30D
a82b5998-0c85-445f-821f-92a70f40eac2;Youssef Al-Otaibi;"12923841310";youssefal-otaibi@fintech.com;$2b$10$S8oGtz2GT8lFZDVXDKqFhOm8KhqPvfT3VbDlUugM/Vd1VMgpK8Zke;13392.63;5211.66;false;user;2026-08-16 22:42:19.143;2026-08-29 00:00:01.273;;;true;;2026-09-15 15:00:00.000;2325.35;6964.99;0;false;false;inadimplente;28;15;;0;;;manufacturing;false;;1959-12-17;67;false;;;;Arábia Saudita;"32414";Rua Corniche;"323";;Al-Hamra;Dammam;Riad;VISA;15;EM_ATRASO_30D
"5d703467-915e-498a-81c2-55f4e9595ccd";Prosper Julien;"67154864257";Prosper.Julien15@gmail.com;$2b$10$/Scm1M8ZYc3qNNQkDLiJz.Bbkoy6WnuJZGscsAyazHOZyEOuAvRty;2000.00;2000.00;false;customer;2026-07-20 01:53:03.318;2026-08-29 00:00:01.294;;;true;;2026-09-15 15:00:00.000;0.00;5000.00;0;false;false;inadimplente;50;15;;0;"257";"07/31";unlocked;true;Cartão em produção. Criado em 20/07/2026, 01:53 UTC. Validade: 07/31, CVV: 257;;;false;;;;Brasil;;;;;;;;MASTERCARD;10;EM_ATRASO_30D
f4237e6f-eb84-427b-830a-c68e50e212f1;Archambaud Remy;"64866656883";Archambaud_Remy@gmail.com;$2b$10$/Scm1M8ZYc3qNNQkDLiJz.Bbkoy6WnuJZGscsAyazHOZyEOuAvRty;2000.00;2000.00;false;customer;2026-07-20 21:25:57.679;2026-08-29 00:00:01.316;;;true;;2026-09-15 15:00:00.000;0.00;5000.00;0;false;false;inadimplente;50;15;;0;"883";"07/31";unlocked;true;Cartão em produção. Criado em 20/07/2026, 21:25 UTC. Validade: 07/31, CVV: 883;;;false;;;;Brasil;;;;;;;;MASTERCARD;10;EM_ATRASO_30D
"9283499f-20dc-45c5-9773-88be6bea963e";Falba David;"85246671844";Falba.David89@yahoo.fr;$2b$10$/Scm1M8ZYc3qNNQkDLiJz.Bbkoy6WnuJZGscsAyazHOZyEOuAvRty;22000.00;2000.00;false;customer;2026-07-21 12:00:15.237;2026-08-29 00:00:01.195;;;true;;2026-09-15 15:00:00.000;18220.00;22000.00;0;false;false;inadimplente;50;15;;0;"844";"07/31";unlocked;true;Cartão em produção. Criado em 21/07/2026, 12:00 UTC. Validade: 07/31, CVV: 844;;;false;;;;Brasil;;;;;;;;MASTERCARD;10;EM_ATRASO_30D
dff7e2b1-d1a7-4c38-bf1c-9980dde64e0f;Isidore Morin;"26775244657";Isidore_Morin85@yahoo.fr;$2b$10$/Scm1M8ZYc3qNNQkDLiJz.Bbkoy6WnuJZGscsAyazHOZyEOuAvRty;2000.00;2000.00;false;customer;2026-07-20 14:28:24.032;2026-08-29 00:00:01.213;;;true;;2026-09-15 15:00:00.000;100.77;5000.00;0;false;false;inadimplente;50;15;;0;"657";"07/31";unlocked;true;Cartão em produção. Criado em 20/07/2026, 14:28 UTC. Validade: 07/31, CVV: 657;;;false;;;;Brasil;;;;;;;;MASTERCARD;10;EM_ATRASO_30D
"5f9d94cc-5b92-4ba8-a066-48365a9fb314";Rodrigo Mendes Oliveira;"78475680046";rodrigomendesoliveira@fintech.com;$2b$10$/Scm1M8ZYc3qNNQkDLiJz.Bbkoy6WnuJZGscsAyazHOZyEOuAvRty;13870.43;5247.34;false;user;2026-07-23 02:03:46.233;2026-08-23 03:00:00.215;;;true;;2026-09-15 15:00:00.000;12801.65;12801.65;0;false;false;adimplente;0;15;;0;;;unlocked;true;;1964-02-23;62;false;;;;Brasil;"90010-000";Rua das Flores;"215";;Copacabana;Belo Horizonte;PR;MASTERCARD;20;EM_DIA
"68a39149-eec0-40be-b809-e5b3ac13ace6";Beatriz Ferreira;"65207037706";beatrizferreira@fintech.com;$2b$10$jEKogSuVaEtM9tpz0BkGmOF.kRJlLSOF/OrM85j0XxN7ZfXQG0GBC;11765.40;2703.04;false;user;2026-08-05 22:48:20.271;2026-08-05 22:48:20.392;;;true;;2026-09-05 15:00:00.000;7323.68;8090.58;0;false;false;adimplente;0;5;;0;;;unlocked;true;;1950-06-02;76;false;;;;Portugal;"4000-064";Avenida dos Aliados;"690";;Cedofeita;Porto;Lisboa;AMEX;5;EM_DIA
"19d2631d-f87e-4463-8340-1eb98526472a";Achaire Schmitt;"44794065574";Achaire_Schmitt@hotmail.fr;$2b$10$/Scm1M8ZYc3qNNQkDLiJz.Bbkoy6WnuJZGscsAyazHOZyEOuAvRty;2000.00;2000.00;false;customer;2026-07-19 07:04:40.944;2026-08-29 00:00:01.416;;;true;;2026-09-15 15:00:00.000;0.00;5000.00;0;false;false;inadimplente;50;15;;0;"574";"07/31";unlocked;true;Cartão em produção. Criado em 19/07/2026, 07:04 UTC. Validade: 07/31, CVV: 574;;;false;;;;Brasil;;;;;;;;MASTERCARD;10;EM_ATRASO_30D
d1155d16-0f76-4f54-a482-f58810d480d7;Camille Martin;"82499572612";camillemartin@fintech.com;$2b$10$/Scm1M8ZYc3qNNQkDLiJz.Bbkoy6WnuJZGscsAyazHOZyEOuAvRty;10207.39;4200.18;false;user;2026-07-23 01:24:40.477;2026-08-29 00:00:01.444;;;true;;2026-09-15 15:00:00.000;12411.28;13749.29;0;false;false;inadimplente;19;15;;0;;;unlocked;true;;1957-01-16;69;false;;;;França;"13001";Boulevard Saint-Germain;"776";;"6eme Arrondissement";Marselha;Ile-de-France;AMEX;15;EM_ATRASO_30D
a91e98de-9417-4ae9-ac26-b2684f94e487;Camille Martin;"88712484814";camille.martin@fintech.com;$2b$10$0DW4ryXZxy0sk64U4WWFqOfhhectSJHdbh3voiz4DG2qZNv7X/SnK;1238.25;1572.28;false;user;2026-08-20 22:04:37.754;2026-08-29 00:00:01.467;;;true;;2026-09-25 15:00:00.000;0.00;3013.67;0;false;false;inadimplente;24;25;;0;;;unlocked;true;;1979-12-25;47;false;;;;França;"13001";Rue St-Ferreol;"216";;"6eme Arrondissement";Paris;Ile-de-France;AMEX;25;EM_ATRASO_30D
"37c4be24-02c2-4448-830a-95f94a2d7ddc";Flore Schmitt;"16266323249";Flore_Schmitt23@hotmail.fr;$2b$10$/Scm1M8ZYc3qNNQkDLiJz.Bbkoy6WnuJZGscsAyazHOZyEOuAvRty;8000.00;2000.00;false;customer;2026-07-21 01:48:32.644;2026-08-29 00:00:01.519;;;true;;2026-09-15 15:00:00.000;2576.84;5000.00;0;false;false;inadimplente;50;15;;0;"249";"07/31";unlocked;true;Cartão em produção. Criado em 21/07/2026, 01:48 UTC. Validade: 07/31, CVV: 249;;;false;;;;Brasil;;;;;;;;MASTERCARD;10;EM_ATRASO_30D
"15257bfe-6ee4-4f6c-89d5-30098c5aad72";Alessandro Ferrari;"36072364535";alessandroferrari@fintech.com;$2b$10$GPMWnGfL5Hg79tWhxWdqSOiLmM1GrIIJCi7.4hxHf9w0XmLikFGn.;8430.97;3553.51;false;user;2026-08-04 15:15:20.260;2026-08-29 00:00:01.548;;;true;;2026-09-05 15:00:00.000;11138.91;15598.73;0;false;false;inadimplente;40;5;;0;;;manufacturing;false;;1995-08-19;31;false;;;;Itália;"00186";Via Roma;"641";;Centro Storico;Milao;Lombardia;MASTERCARD;5;EM_ATRASO_30D
"31f7e825-3f38-4686-a7ad-f9518c402dc6";Lei Chen;"87111008855";leichen@fintech.com;$2b$10$Q0ArMWQZpYOlVsdaODK8.OUI6SaQO8.yWOvX38kZBkwCHr9cAN0X.;8577.09;5716.55;false;user;2026-08-16 21:33:50.635;2026-08-16 21:33:50.715;;;true;;2026-09-10 15:00:00.000;19094.06;19908.99;0;false;false;adimplente;0;10;;0;;;manufacturing;false;;1974-09-05;52;false;;;;China;"510000";Rua Beijing Road;"538";;Huangpu;Pequim;Xangai;MASTERCARD;10;EM_DIA
b9887a66-2bda-4679-a6c7-46cb7ee0eedf;Solda Final Teste;"16180339887";solda.final1787277862440@fintech.com;$2b$10$wBIg88FsQpczh/D3o6hlKex9LBAWZ5XFQ1OZgwXWzztmygGlXzQte;750.00;1500.00;false;user;2026-08-20 23:04:23.023;2026-08-29 00:00:01.572;;;true;;2026-09-20 15:00:00.000;0.00;4000.00;0;false;false;inadimplente;24;20;;0;;;unlocked;true;;1988-03-03;38;false;;;;Brasil;"01310-100";Av Paulista;"300";;Bela Vista;Sao Paulo;SP;AMEX;20;EM_ATRASO_30D
"196a4a62-2325-4d3a-a7ec-95e39d2d9791";Jeannel Aubry;"77551164685";Jeannel_Aubry86@gmail.com;$2b$10$/Scm1M8ZYc3qNNQkDLiJz.Bbkoy6WnuJZGscsAyazHOZyEOuAvRty;2000.00;2000.00;false;customer;2026-07-19 23:05:08.484;2026-08-29 00:00:01.602;;;true;;2026-09-15 15:00:00.000;0.00;5000.00;0;false;false;inadimplente;50;15;;0;"685";"07/31";unlocked;true;Cartão em produção. Criado em 19/07/2026, 23:05 UTC. Validade: 07/31, CVV: 685;;;false;;;;Brasil;;;;;;;;MASTERCARD;10;EM_ATRASO_30D
a9a70050-679e-4d6f-a6c3-09c71a1fde03;Joaquin Gonzalez;"30423481053";joaquin.gonzalez@fintech.com;$2b$10$umQdQCnVCIebYUSDHKcp/O/QHIR71ZAPUHaF4KDOOR7tm7QvTruGS;7692.26;3795.84;false;user;2026-08-20 22:04:46.069;2026-08-29 00:00:01.494;;;true;;2026-09-25 15:00:00.000;10934.22;15237.85;0;false;false;inadimplente;24;25;;0;;;unlocked;true;;2006-09-05;20;false;;;;Argentina;X5000;Avenida 9 de Julio;"556";;Palermo;Buenos Aires;CABA;HIPERCARD;25;EM_ATRASO_30D
e56da2a3-5221-456f-bedf-88a9b90cbbfe;Raymonde Bernard;"76671725950";Raymonde.Bernard@gmail.com;$2b$10$/Scm1M8ZYc3qNNQkDLiJz.Bbkoy6WnuJZGscsAyazHOZyEOuAvRty;2000.00;2000.00;false;customer;2026-07-22 01:03:30.519;2026-08-29 00:00:01.335;;;true;;2026-09-15 15:00:00.000;200.06;5000.00;0;false;false;inadimplente;50;15;;0;"950";"07/31";unlocked;true;Cartão em produção. Criado em 22/07/2026, 01:03 UTC. Validade: 07/31, CVV: 950;;;false;;;;Brasil;;;;;;;;MASTERCARD;10;EM_ATRASO_30D
"044557d4-97b1-4b6f-bb89-f58d4e1b6bc2";Mateo Fernandez;"38160081359";mateofernandez@fintech.com;$2b$10$eix9sxgcGe4dySx/eA1iKeJzaJHiffa6dvVFK/4.GL1yC/PLUZoCe;61835.37;1715.46;false;user;2026-07-29 23:50:09.427;2026-08-23 03:00:00.159;;;true;;2026-09-05 18:00:00.000;2240.47;2240.47;0;false;false;adimplente;0;5;;0;;;manufacturing;false;;2001-02-17;25;false;;;;Argentina;C1005;Avenida Colon;"203";;San Telmo;Buenos Aires;CABA;HIPERCARD;5;EM_DIA
"2d7b906f-95be-4999-a2e1-622f2dbd07a2";Natália Moraes;"93852856961";MariaLuiza_Reis@hotmail.com;$2b$10$/Scm1M8ZYc3qNNQkDLiJz.Bbkoy6WnuJZGscsAyazHOZyEOuAvRty;2000.00;2000.00;false;customer;2026-07-04 02:43:59.446;2026-08-29 00:00:01.363;;;true;;2026-09-15 15:00:00.000;0.00;5000.00;0;false;false;inadimplente;50;15;;0;"961";"07/31";unlocked;true;Cartão de Crédito em Produção;;;false;;;;Brasil;;;;;;;;MASTERCARD;10;EM_ATRASO_30D
d2a54aa0-5ba8-4659-a202-1e3c15b4896f;William Robert Miller;"29910306743";williamrobertmiller@fintech.com;$2b$10$9VUq3/igQ.VKPBu/rMGxkePHpo08FoP7at/zXv7zfSR3xI4y/rmge;10406.83;1358.55;false;user;2026-08-04 15:15:42.675;2026-08-04 15:15:42.748;;;true;;2026-09-10 15:00:00.000;6884.60;7608.38;0;false;false;adimplente;0;10;;0;;;manufacturing;false;;1951-01-12;75;false;;;;Estados Unidos;"90028";Broadway Street;"485";;South Beach;San Francisco;IL;ELO;10;EM_DIA
"5642e46d-e4ed-42e3-b9ed-55d0a45fc9f0";Massa Teste DB Real;"88877766655";massa.dbreal@fintech.com;$2b$10$/Scm1M8ZYc3qNNQkDLiJz.Bbkoy6WnuJZGscsAyazHOZyEOuAvRty;7500.00;3000.00;false;user;2026-07-23 01:28:41.050;2026-08-29 00:00:01.389;;;true;;2026-09-15 15:00:00.000;10559.41;12000.00;0;false;false;inadimplente;19;15;;0;;;unlocked;true;;1998-08-20;28;false;;;;Brasil;"01310-200";Avenida Paulista;"1578";Apto 42;Bela Vista;Sao Paulo;SP;VISA;15;EM_ATRASO_30D
"1ff10e23-272e-4cbe-90c9-283b97d7307c";Isabela Rocha Carvalho;"75775457404";isabelarochacarvalho@fintech.com;$2b$10$/Scm1M8ZYc3qNNQkDLiJz.Bbkoy6WnuJZGscsAyazHOZyEOuAvRty;12429.42;3358.90;false;user;2026-07-23 01:26:23.255;2026-08-29 00:00:01.658;;;true;;2026-09-15 15:00:00.000;15718.70;21202.38;0;false;false;inadimplente;50;15;;0;;;unlocked;true;;2002-05-22;24;false;;;;Brasil;"22070-011";Rua das Flores;"526";;Copacabana;Rio de Janeiro;RJ;ELO;20;EM_ATRASO_30D
a379acd0-6cbf-4e98-b625-9bd66f4ed4c0;Ines Oliveira;"73857513853";inesoliveira@fintech.com;$2b$10$p4XdGuw1bOjIgYmpgFCFSu4fimxdjssErHnb2iASIjTnope4ekrNe;8217.57;1030.03;false;user;2026-08-03 20:34:07.847;2026-08-29 00:00:01.685;;;true;;2026-09-05 15:00:00.000;10776.15;15006.96;0;false;false;inadimplente;41;5;;0;;;manufacturing;false;;2002-09-24;24;false;;;;Portugal;"1250-096";Rua de Santa Catarina;"864";;Santo Ildefonso;Porto;Porto;VISA;5;EM_ATRASO_30D
"2b5ed309-cdf5-4506-a079-24d46b2da29f";Xiu Ying Wang;"96873928860";xiuyingwang@fintech.com;$2b$10$G94uvS9aPnRbGWw1COiW2OIRGmPtrHh1rPZkoHBX94/n2tioFwDUW;14183.32;4974.73;false;user;2026-08-04 19:39:36.052;2026-08-29 00:00:01.709;;;true;;2026-09-10 15:00:00.000;14716.55;19296.83;0;false;false;inadimplente;40;10;;0;;;manufacturing;false;;1953-06-20;73;false;;;;China;"510000";Avenida Jianguomen;"798";;Yuexiu;Pequim;Xangai;VISA;10;EM_ATRASO_30D
"46054889-484f-4b36-9576-be91a98cc362";Jean Dupont;"26700822386";jeandupont@fintech.com;$2b$10$5S3XkqDzRZyWylwZ.03QMOIwtUeiTpNrl0saQvQCtfHI1wf/NH8f2;4678.70;1290.48;false;user;2026-08-05 22:49:53.391;2026-08-29 00:00:01.733;;;true;;2026-09-15 15:00:00.000;0.00;3090.68;0;false;false;inadimplente;39;15;;0;;;manufacturing;false;;1947-07-15;79;false;;;;França;"13001";Rue de Rivoli;"236";;"1er Arrondissement";Paris;Ile-de-France;HIPERCARD;15;EM_ATRASO_30D
e484af8a-f10c-48cd-9d13-a74b30ab778e;Ira Morar;"57673944623";Mireille.Toy65@yahoo.com;$2b$10$/Scm1M8ZYc3qNNQkDLiJz.Bbkoy6WnuJZGscsAyazHOZyEOuAvRty;2000.00;2000.00;false;customer;2026-07-04 02:49:09.107;2026-08-29 00:00:01.756;;;true;;2026-09-15 15:00:00.000;0.00;5000.00;0;false;false;inadimplente;50;15;;0;"623";"07/31";unlocked;true;Cartão de Crédito em Produção;;;false;;;;Brasil;;;;;;;;MASTERCARD;10;EM_ATRASO_30D
e58c913c-d6b1-46f0-9be8-1e8d983b9087;Brunehilde Gaillard;"27646660477";Brunehilde.Gaillard98@hotmail.fr;$2b$10$/Scm1M8ZYc3qNNQkDLiJz.Bbkoy6WnuJZGscsAyazHOZyEOuAvRty;2000.00;2000.00;false;customer;2026-07-22 00:59:49.584;2026-08-29 00:00:01.785;;;true;;2026-09-15 15:00:00.000;0.00;5000.00;0;false;false;inadimplente;50;15;;0;"477";"07/31";unlocked;true;Cartão em produção. Criado em 22/07/2026, 00:59 UTC. Validade: 07/31, CVV: 477;;;false;;;;Brasil;;;;;;;;MASTERCARD;10;EM_ATRASO_30D
b761180a-90b9-4bde-a4b8-9844036b4de4;Hanako Watanabe;"76782744325";hanakowatanabe@fintech.com;$2b$10$gtW.YEX54gi3U23WpGHM9eKoA.Ytxvpmi8gHvvHp9DJvtMWjABVDi;5305.35;3248.00;false;user;2026-08-01 02:39:20.140;2026-08-29 00:00:01.811;;;true;;2026-09-25 18:00:00.000;0.00;4402.96;0;false;false;inadimplente;44;25;;0;;;manufacturing;false;;1998-02-05;28;false;;;;Japão;"100-0005";Rua Ginza Chuo;"212";;Shinjuku;Toquio;Quioto;VISA;25;EM_ATRASO_30D
"5cb176ba-e885-449e-986a-3dce8baaff14";Moïsette Maillard;"16165143539";Moisette.Maillard34@yahoo.fr;$2b$10$/Scm1M8ZYc3qNNQkDLiJz.Bbkoy6WnuJZGscsAyazHOZyEOuAvRty;2000.00;2000.00;false;customer;2026-07-20 02:12:30.575;2026-08-29 00:00:01.833;;;true;;2026-09-15 15:00:00.000;3678.93;5000.00;0;false;false;inadimplente;19;15;;0;"539";"07/31";unlocked;true;Cartão em produção. Criado em 20/07/2026, 02:12 UTC. Validade: 07/31, CVV: 539;;;false;;;;Brasil;;;;;;;;MASTERCARD;10;EM_ATRASO_30D
afa681a8-df82-43fe-9465-a132ee4646d3;Jacinthe Vidal;"26986473966";Jacinthe_Vidal@hotmail.fr;$2b$10$/Scm1M8ZYc3qNNQkDLiJz.Bbkoy6WnuJZGscsAyazHOZyEOuAvRty;2000.00;2000.00;false;customer;2026-07-22 13:58:43.814;2026-08-29 00:00:01.856;;;true;;2026-09-15 15:00:00.000;132.50;5000.00;0;false;false;inadimplente;50;15;;0;"966";"07/31";unlocked;true;Cartão em produção. Criado em 22/07/2026, 13:58 UTC. Validade: 07/31, CVV: 966;;;false;;;;Brasil;;;;;;;;MASTERCARD;10;EM_ATRASO_30D
"932a3263-b353-478a-b11e-bdf14f27618d";Minjun Kim;"37107075012";minjunkim@fintech.com;$2b$10$xPnpNtp5VGgVucBXgGqFBe9rlKWxzTuuguw0UA7yMbO9pbpp.b3je;684.62;3058.63;false;user;2026-08-03 20:33:04.939;2026-08-29 00:00:01.881;;;true;;2026-09-15 15:00:00.000;11423.78;15914.19;0;false;false;inadimplente;41;15;;0;;;unlocked;true;;2004-02-24;22;false;;;;Coreia do Sul;"03154";Avenida Jong-ro;"454";;Haeundae;Seul;Seul;ELO;15;EM_ATRASO_30D
"025f18c6-9d8c-4ff1-b290-a9787581ccd9";Cliente Cartao Teste;"77766655599";cliente.cartao99@fintech.com;$2b$10$/Scm1M8ZYc3qNNQkDLiJz.Bbkoy6WnuJZGscsAyazHOZyEOuAvRty;10000.00;4000.00;false;user;2026-07-23 01:31:05.773;2026-08-29 00:00:01.904;;;true;;2026-09-15 15:00:00.000;10770.99;15000.00;0;false;false;inadimplente;50;15;;0;;;;false;;1992-04-10;34;false;;;;Japao;;;;;;;;VISA;20;EM_ATRASO_30D
ad8300c0-1981-4580-82f5-50bedae3203f;Lucas Gabriel Ferreira;"68141495240";lucasgabrielferreira@fintech.com;$2b$10$KghDgc8UPINp9C5mDfj6Ou9z8YsFbak9zL6NCvCGgjUcFq7UaKFLK;11633.36;5613.40;false;user;2026-07-24 16:52:02.965;2026-08-29 00:00:01.926;;;true;;2026-09-15 18:00:00.000;9217.11;13778.43;0;false;false;inadimplente;50;15;;0;;;manufacturing;false;;1987-02-01;39;false;;;;Brasil;"01310-200";Avenida Afonso Pena;"579";;Savassi;Porto Alegre;PR;ELO;15;EM_ATRASO_30D
"46ccdcdb-6577-4755-a13e-fc52cb7f536b";Gabriel Vinicius Souza;"19231521659";gabrielviniciussouza@fintech.com;$2b$10$/Scm1M8ZYc3qNNQkDLiJz.Bbkoy6WnuJZGscsAyazHOZyEOuAvRty;8658.89;1474.67;false;user;2026-07-23 02:00:02.458;2026-08-29 00:00:01.950;;;true;;2026-09-15 15:00:00.000;7909.73;8781.25;0;false;false;inadimplente;19;15;;0;;;unlocked;true;;1970-04-28;56;false;;;;Brasil;"90010-000";Rua Augusta;"483";;Consolacao;Salvador;RJ;ELO;25;EM_ATRASO_30D
"6efe495f-94c0-4c5c-b0f2-85216cb0d9ed";René Gautier;"27888186700";Rene.Gautier@gmail.com;$2b$10$/Scm1M8ZYc3qNNQkDLiJz.Bbkoy6WnuJZGscsAyazHOZyEOuAvRty;2000.00;2000.00;false;customer;2026-07-19 07:09:20.561;2026-08-29 00:00:01.974;;;true;;2026-09-15 15:00:00.000;0.00;5000.00;0;false;false;inadimplente;50;15;;0;"700";"07/31";unlocked;true;Cartão em produção. Criado em 19/07/2026, 07:09 UTC. Validade: 07/31, CVV: 700;;;false;;;;Brasil;;;;;;;;MASTERCARD;10;EM_ATRASO_30D
custom-33333333333;Daniel Costa;"33333333333";daniel@example.com;$2b$10$gOJdZusMdv7QqqJ/P7u21uwlR2WleC6vzd4fHQ2r4O2uKKoCOe/Jq;1500.00;2000.00;false;user;2026-06-28 01:37:14.941;2026-08-29 00:00:02.001;;;true;"08/30";2026-09-15 04:58:07.514;639.09;5000.00;0;false;false;inadimplente;45;15;;0;"333";"06/31";unlocked;true;Cartão de Crédito em Produção;;;false;;;;Brasil;;;;;;;;MASTERCARD;10;EM_ATRASO_30D
"658f9893-2262-4bc1-a75d-f4e684a2d372";Tariq Al-Mansoor;"12558823280";tariqal-mansoor@fintech.com;$2b$10$Y.MsOI6VHJFETA1Q5AeUhOnYZ7eTaLzZQGzqJMSy2kR9FZwtO5CUy;11289.42;5565.34;false;user;2026-08-03 20:33:29.717;2026-08-23 03:00:00.113;;;true;;2026-09-20 15:00:00.000;18255.72;18255.72;0;false;false;adimplente;0;20;;0;;;manufacturing;false;;1951-11-19;75;false;;;;Arábia Saudita;"12836";Rua Corniche;"365";;Al-Malaz;Riad;Riad;VISA;20;EM_DIA
"1c652ea9-a59a-47d6-9a83-a1cd42a2d9d8";Juliana Lima Rezende;"73129536620";julianalimarezende@fintech.com;$2b$10$hY5WUvrGtbAHLcCiyMEGmuoU0WGMPEKvOsnd2f7jU1oxVt.AROPsu;5795.72;4058.48;false;user;2026-07-24 02:12:41.283;2026-08-29 00:00:01.627;;;true;;2026-09-15 18:00:00.000;4670.95;9374.93;0;false;false;inadimplente;50;15;;0;;;unlocked;true;;1978-01-02;48;false;;;;Brasil;"90010-000";Avenida Brigadeiro Faria Lima;"815";;Copacabana;Belo Horizonte;RS;VISA;15;EM_ATRASO_30D
"538bb852-be9d-47c0-bd7c-c4fb265a045e";Claude Garcia;"48318883543";Claude_Garcia@hotmail.fr;$2b$10$/Scm1M8ZYc3qNNQkDLiJz.Bbkoy6WnuJZGscsAyazHOZyEOuAvRty;12000.00;2000.00;false;customer;2026-07-22 15:42:08.514;2026-08-23 03:00:00.194;;;true;;2026-09-15 15:00:00.000;5000.00;5000.00;0;false;false;adimplente;0;15;;0;"543";"07/31";unlocked;true;Cartão em produção. Criado em 22/07/2026, 15:42 UTC. Validade: 07/31, CVV: 543;;;false;;;;Brasil;;;;;;;;MASTERCARD;10;EM_DIA
"194a76f8-c650-41ff-961e-7ebcc6231ac9";Hermine Duval;"87588846615";Hermine_Duval98@hotmail.fr;$2b$10$/Scm1M8ZYc3qNNQkDLiJz.Bbkoy6WnuJZGscsAyazHOZyEOuAvRty;2000.00;2000.00;false;customer;2026-07-19 00:18:28.848;2026-08-29 00:00:02.056;;;true;;2026-09-15 15:00:00.000;3713.25;5000.00;0;false;false;inadimplente;19;15;;0;"615";"07/31";unlocked;true;Cartão em produção. Criado em 19/07/2026, 00:18 UTC. Validade: 07/31, CVV: 615;;;false;;;;Brasil;;;;;;;;MASTERCARD;10;EM_ATRASO_30D
"240ecf13-e58a-4b53-a79f-e4261a0c2ea8";Mathilde Le gall;"88339779788";Mathilde.Legall@hotmail.fr;$2b$10$KiYqibQWmvfVd3oFPNBA7.zSg8GaHHJYv1J6bLHfiVdil2kUcHTAC;2000.00;2000.00;false;customer;2026-07-24 00:47:08.181;2026-08-29 00:00:02.080;;;true;;2026-09-15 15:00:00.000;3946.67;5000.00;0;false;false;inadimplente;19;15;;0;"788";"07/31";unlocked;true;Cartão em produção. Criado em 24/07/2026, 00:47 UTC. Validade: 07/31, CVV: 788;;;false;;;;Brasil;;;;;;;;MASTERCARD;10;EM_ATRASO_30D
"0629e13d-da5b-4fc8-ba94-c7f785332cee";Clarisse Dufour;"76925831102";Clarisse_Dufour84@gmail.com;$2b$10$/Scm1M8ZYc3qNNQkDLiJz.Bbkoy6WnuJZGscsAyazHOZyEOuAvRty;2000.00;2000.00;false;customer;2026-07-19 06:48:50.753;2026-08-29 00:00:02.102;;;true;;2026-09-15 15:00:00.000;3546.50;5000.00;0;false;false;inadimplente;19;15;;0;"102";"07/31";unlocked;true;Cartão em produção. Criado em 19/07/2026, 06:48 UTC. Validade: 07/31, CVV: 102;;;false;;;;Brasil;;;;;;;;MASTERCARD;10;EM_ATRASO_30D
"215285fd-ca8f-4c84-97f6-8fbdad969067";Assomption Sanchez;"95654548522";Assomption.Sanchez@hotmail.fr;$2b$10$/Scm1M8ZYc3qNNQkDLiJz.Bbkoy6WnuJZGscsAyazHOZyEOuAvRty;2000.00;2000.00;false;customer;2026-07-09 18:29:00.381;2026-08-29 00:00:02.125;;;true;;2026-09-15 15:00:00.000;3795.29;5000.00;0;false;false;inadimplente;19;15;;0;"522";"07/31";unlocked;true;Cartão em produção. Criado em 09/07/2026, 18:29 UTC. Validade: 07/31, CVV: 522;;;false;;;;Brasil;;;;;;;;MASTERCARD;10;EM_ATRASO_30D
"7925ba90-ef56-47f2-a003-63335e8f74b0";Hector Paris;"81722521295";Hector_Paris22@yahoo.fr;$2b$10$/Scm1M8ZYc3qNNQkDLiJz.Bbkoy6WnuJZGscsAyazHOZyEOuAvRty;2000.00;2000.00;false;customer;2026-07-20 01:52:47.579;2026-08-29 00:00:02.148;;;true;;2026-09-15 15:00:00.000;3913.29;5000.00;0;false;false;inadimplente;19;15;;0;"295";"07/31";unlocked;true;Cartão em produção. Criado em 20/07/2026, 01:52 UTC. Validade: 07/31, CVV: 295;;;false;;;;Brasil;;;;;;;;MASTERCARD;10;EM_ATRASO_30D
"1e7efce4-7c15-4f57-8c28-47980719be96";Philothée Charles;"24719788947";Philothee_Charles@hotmail.fr;$2b$10$/Scm1M8ZYc3qNNQkDLiJz.Bbkoy6WnuJZGscsAyazHOZyEOuAvRty;2000.00;2000.00;false;customer;2026-07-20 21:26:22.751;2026-08-29 00:00:02.168;;;true;;2026-09-15 15:00:00.000;3690.30;5000.00;0;false;false;inadimplente;19;15;;0;"947";"07/31";unlocked;true;Cartão em produção. Criado em 20/07/2026, 21:26 UTC. Validade: 07/31, CVV: 947;;;false;;;;Brasil;;;;;;;;MASTERCARD;10;EM_ATRASO_30D
"0f7d088d-5fa1-4064-8838-23f6369e7ad1";Blandine Fabre;"17693911189";Blandine_Fabre@yahoo.fr;$2b$10$/Scm1M8ZYc3qNNQkDLiJz.Bbkoy6WnuJZGscsAyazHOZyEOuAvRty;2000.00;2000.00;false;customer;2026-07-19 22:54:15.316;2026-08-29 00:00:02.190;;;true;;2026-09-15 15:00:00.000;3577.18;5000.00;0;false;false;inadimplente;19;15;;0;"189";"07/31";unlocked;true;Cartão em produção. Criado em 19/07/2026, 22:54 UTC. Validade: 07/31, CVV: 189;;;false;;;;Brasil;;;;;;;;MASTERCARD;10;EM_ATRASO_30D
"8bbe7197-7449-4234-96d1-753bcddde6c6";Xavier Thomas;"64332859618";Xavier.Thomas@gmail.com;$2b$10$/Scm1M8ZYc3qNNQkDLiJz.Bbkoy6WnuJZGscsAyazHOZyEOuAvRty;2000.00;2000.00;false;customer;2026-07-21 12:00:29.375;2026-08-29 00:00:02.213;;;true;;2026-09-15 15:00:00.000;3262.79;5000.00;0;false;false;inadimplente;19;15;;0;"618";"07/31";unlocked;true;Cartão em produção. Criado em 21/07/2026, 12:00 UTC. Validade: 07/31, CVV: 618;;;false;;;;Brasil;;;;;;;;MASTERCARD;10;EM_ATRASO_30D
"655741db-22cc-4a91-9143-870385e47d4d";Integration Test User;"19983621512";test19983621512@fintech.com;$2b$10$/Scm1M8ZYc3qNNQkDLiJz.Bbkoy6WnuJZGscsAyazHOZyEOuAvRty;2000.00;2000.00;false;customer;2026-07-15 21:30:31.181;2026-08-29 00:00:02.234;;;true;;2026-09-15 15:00:00.000;4242.80;5000.00;0;false;false;inadimplente;19;15;;0;"512";"07/31";unlocked;true;Cartão em produção. Criado em 15/07/2026, 21:30 UTC. Validade: 07/31, CVV: 512;;;false;;;;Brasil;;;;;;;;MASTERCARD;10;EM_ATRASO_30D
"0269e4c4-e2e5-4b2c-9fa0-b2f76f15df31";Christian Bertrand;"77355277308";Christian_Bertrand15@yahoo.fr;$2b$10$/Scm1M8ZYc3qNNQkDLiJz.Bbkoy6WnuJZGscsAyazHOZyEOuAvRty;2000.00;2000.00;false;customer;2026-07-22 23:14:50.407;2026-08-29 00:00:02.256;;;true;;2026-09-15 15:00:00.000;3919.75;5000.00;0;false;false;inadimplente;19;15;;0;"308";"07/31";unlocked;true;Cartão em produção. Criado em 22/07/2026, 23:14 UTC. Validade: 07/31, CVV: 308;;;false;;;;Brasil;;;;;;;;MASTERCARD;10;EM_ATRASO_30D
"6c8f7f48-93f0-4d66-ae7e-7556d39b363a";Alban Royer;"71078566429";Alban.Royer30@gmail.com;$2b$10$/Scm1M8ZYc3qNNQkDLiJz.Bbkoy6WnuJZGscsAyazHOZyEOuAvRty;2000.00;2000.00;false;customer;2026-07-19 00:37:44.912;2026-08-29 00:00:02.280;;;true;;2026-09-15 15:00:00.000;3109.23;5000.00;0;false;false;inadimplente;19;15;;0;"429";"07/31";unlocked;true;Cartão em produção. Criado em 19/07/2026, 00:37 UTC. Validade: 07/31, CVV: 429;;;false;;;;Brasil;;;;;;;;MASTERCARD;10;EM_ATRASO_30D
"8ce552c0-d013-4d36-9e41-36c085793573";César Braga;"34272175349";Jose.Fahey97@hotmail.com;$2b$10$/Scm1M8ZYc3qNNQkDLiJz.Bbkoy6WnuJZGscsAyazHOZyEOuAvRty;2000.00;2000.00;false;customer;2026-07-04 02:59:04.902;2026-08-29 00:00:02.302;;;true;;2026-09-15 15:00:00.000;3700.08;5000.00;0;false;false;inadimplente;19;15;;0;"349";"07/31";unlocked;true;Cartão de Crédito em Produção;;;false;;;;Brasil;;;;;;;;MASTERCARD;10;EM_ATRASO_30D
"0a4013d8-f210-4876-bfca-e844c7d895a5";Abigaelle Michel;"12424713839";Abigaelle.Michel47@yahoo.fr;$2b$10$/Scm1M8ZYc3qNNQkDLiJz.Bbkoy6WnuJZGscsAyazHOZyEOuAvRty;2000.00;2000.00;false;customer;2026-07-19 15:11:48.539;2026-08-29 00:00:02.349;;;true;;2026-09-15 15:00:00.000;3752.33;5000.00;0;false;false;inadimplente;19;15;;0;"839";"07/31";unlocked;true;Cartão em produção. Criado em 19/07/2026, 15:11 UTC. Validade: 07/31, CVV: 839;;;false;;;;Brasil;;;;;;;;MASTERCARD;10;EM_ATRASO_30D
"67c15327-a9d9-44b5-b3ff-e6430457f280";Maurice Meyer;"34715548313";Maurice.Meyer6@hotmail.fr;$2b$10$/Scm1M8ZYc3qNNQkDLiJz.Bbkoy6WnuJZGscsAyazHOZyEOuAvRty;2000.00;2000.00;false;customer;2026-07-19 00:38:15.562;2026-08-29 00:00:02.372;;;true;;2026-09-15 15:00:00.000;3257.29;5000.00;0;false;false;inadimplente;19;15;;0;"313";"07/31";unlocked;true;Cartão em produção. Criado em 19/07/2026, 00:38 UTC. Validade: 07/31, CVV: 313;;;false;;;;Brasil;;;;;;;;MASTERCARD;10;EM_ATRASO_30D
c3c005ae-46bd-49eb-ba43-2eee834d0924;Rebeca Moreira;"51243235758";Isadora52@bol.com.br;$2b$10$/Scm1M8ZYc3qNNQkDLiJz.Bbkoy6WnuJZGscsAyazHOZyEOuAvRty;2000.00;2000.00;false;customer;2026-07-04 02:45:31.742;2026-08-29 00:00:02.326;;;true;;2026-09-15 15:00:00.000;3405.85;5000.00;0;false;false;inadimplente;19;15;;0;"758";"07/31";unlocked;true;Cartão de Crédito em Produção;;;false;;;;Brasil;;;;;;;;MASTERCARD;10;EM_ATRASO_30D
"947bc922-283c-487e-8ecc-07bc2bb041a9";Albéric Prevost;"77017682203";Alberic_Prevost39@gmail.com;$2b$10$/Scm1M8ZYc3qNNQkDLiJz.Bbkoy6WnuJZGscsAyazHOZyEOuAvRty;2000.00;2000.00;false;customer;2026-07-09 18:23:57.266;2026-08-29 00:00:02.033;;;true;;2026-09-15 15:00:00.000;3742.25;5000.00;0;false;false;inadimplente;19;15;;0;"203";"07/31";unlocked;true;Cartão em produção. Criado em 09/07/2026, 18:23 UTC. Validade: 07/31, CVV: 203;;;false;;;;Brasil;;;;;;;;MASTERCARD;10;EM_ATRASO_30D
"76069f51-54c5-4577-91dc-a2bc454d6997";Angel Rempel;"53281863159";Brandi45@hotmail.com;$2b$10$/Scm1M8ZYc3qNNQkDLiJz.Bbkoy6WnuJZGscsAyazHOZyEOuAvRty;2000.00;2000.00;false;customer;2026-07-04 02:36:09.100;2026-08-29 00:00:02.419;;;true;;2026-09-15 15:00:00.000;3768.05;5000.00;0;false;false;inadimplente;19;15;;0;"159";"07/31";unlocked;true;Cartão de Crédito em Produção;;;false;;;;Brasil;;;;;;;;MASTERCARD;10;EM_ATRASO_30D
"8b7c9781-dbab-4051-9167-4a48cf1bff61";Oury Roche;"81698023189";Oury.Roche45@yahoo.fr;$2b$10$/Scm1M8ZYc3qNNQkDLiJz.Bbkoy6WnuJZGscsAyazHOZyEOuAvRty;2000.00;2000.00;false;customer;2026-07-19 22:58:58.948;2026-08-29 00:00:02.442;;;true;;2026-09-15 15:00:00.000;3476.59;5000.00;0;false;false;inadimplente;19;15;;0;"189";"07/31";unlocked;true;Cartão em produção. Criado em 19/07/2026, 22:58 UTC. Validade: 07/31, CVV: 189;;;false;;;;Brasil;;;;;;;;MASTERCARD;10;EM_ATRASO_30D
"1b51a787-de07-4e7d-9bcd-df7799228a2c";Marcel Breton;"84823321987";Marcel.Breton@yahoo.fr;$2b$10$/Scm1M8ZYc3qNNQkDLiJz.Bbkoy6WnuJZGscsAyazHOZyEOuAvRty;2000.00;2000.00;false;customer;2026-07-22 01:28:49.633;2026-08-29 00:00:02.465;;;true;;2026-09-15 15:00:00.000;3559.83;5000.00;0;false;false;inadimplente;19;15;;0;"987";"07/31";unlocked;true;Cartão em produção. Criado em 22/07/2026, 01:28 UTC. Validade: 07/31, CVV: 987;;;false;;;;Brasil;;;;;;;;MASTERCARD;10;EM_ATRASO_30D
"5b7b16d8-1ae6-4cbc-b9ec-2393fffcec18";Opal King;"48431018434";Margie83@yahoo.com;$2b$10$/Scm1M8ZYc3qNNQkDLiJz.Bbkoy6WnuJZGscsAyazHOZyEOuAvRty;2000.00;2000.00;false;customer;2026-07-04 02:48:44.835;2026-08-29 00:00:02.486;;;true;;2026-09-15 15:00:00.000;3655.64;5000.00;0;false;false;inadimplente;19;15;;0;"434";"07/31";unlocked;true;Cartão de Crédito em Produção;;;false;;;;Brasil;;;;;;;;MASTERCARD;10;EM_ATRASO_30D
"3cbe304b-61a0-4199-9901-937130c71de7";Paula Barros;"33522298364";Caio_Saraiva@gmail.com;$2b$10$/Scm1M8ZYc3qNNQkDLiJz.Bbkoy6WnuJZGscsAyazHOZyEOuAvRty;2000.00;2000.00;false;customer;2026-07-04 02:47:06.852;2026-08-29 00:00:02.508;;;true;;2026-09-15 15:00:00.000;3296.23;5000.00;0;false;false;inadimplente;19;15;;0;"364";"07/31";unlocked;true;Cartão de Crédito em Produção;;;false;;;;Brasil;;;;;;;;MASTERCARD;10;EM_ATRASO_30D
"5142df85-f8db-430a-95e6-14985c040b10";Laurine Maillard;"92454501635";Laurine.Maillard@hotmail.fr;$2b$10$trcoso1wZfgit84gUeWPk.v/Fymkcr4auq96dbwfbUoIOPM4msyzC;2000.00;2000.00;false;customer;2026-07-24 00:04:26.279;2026-08-29 00:00:02.531;;;true;;2026-09-15 15:00:00.000;123.26;5000.00;0;false;false;inadimplente;50;15;;0;"635";"07/31";unlocked;true;Cartão em produção. Criado em 24/07/2026, 00:04 UTC. Validade: 07/31, CVV: 635;;;false;;;;Brasil;;;;;;;;MASTERCARD;10;EM_ATRASO_30D
fa3764bf-4945-41c9-bb77-6cfbaf497cb8;Acanthe Vidal;"27234768980";Acanthe.Vidal@gmail.com;$2b$10$/Scm1M8ZYc3qNNQkDLiJz.Bbkoy6WnuJZGscsAyazHOZyEOuAvRty;2000.00;2000.00;false;customer;2026-07-22 23:15:46.946;2026-08-29 00:00:02.552;;;true;;2026-09-15 15:00:00.000;3989.73;5000.00;0;false;false;inadimplente;19;15;;0;"980";"07/31";unlocked;true;Cartão em produção. Criado em 22/07/2026, 23:15 UTC. Validade: 07/31, CVV: 980;;;false;;;;Brasil;;;;;;;;MASTERCARD;10;EM_ATRASO_30D
"9d6509b5-71e6-434c-8956-e8f9667505b6";Lucas Gabriel Ferreira;"00238338827";lucas.ferreira@fintech.com;$2b$10$BmN1Kolyyx23yBD1/6QzhOdKwt9iLPX45lfmmLPU8KTwWcZroHgYy;5812.85;3179.85;false;user;2026-08-20 22:06:59.858;2026-08-29 00:00:02.574;;;true;;2026-09-20 15:00:00.000;15318.03;19793.82;0;false;false;inadimplente;24;20;;0;;;unlocked;true;;1947-04-12;79;false;;;;Brasil;"80010-000";Rua Augusta;"833";;Savassi;Porto Alegre;BA;AMEX;20;EM_ATRASO_30D
b3ec712d-0d99-4186-9e9c-838eeb4632bf;Eudoxie Pons;"60107482754";Eudoxie_Pons@yahoo.fr;$2b$10$/Scm1M8ZYc3qNNQkDLiJz.Bbkoy6WnuJZGscsAyazHOZyEOuAvRty;2000.00;2000.00;false;customer;2026-07-21 12:00:53.353;2026-08-29 00:00:02.596;;;true;;2026-09-15 15:00:00.000;3245.21;5000.00;0;false;false;inadimplente;19;15;;0;"754";"07/31";unlocked;true;Cartão em produção. Criado em 21/07/2026, 12:00 UTC. Validade: 07/31, CVV: 754;;;false;;;;Brasil;;;;;;;;MASTERCARD;10;EM_ATRASO_30D
b619cb90-d098-462f-8693-5b1a578942ec;Joaquin Gonzalez;"18642038977";joaquingonzalez@fintech.com;$2b$10$BZ1IGlBaWKJd03Vv8t/wr.miOP4gspmOgLwwiHxSzPqe9uWDHLsve;3035.55;5198.48;false;user;2026-08-16 21:32:41.258;2026-08-29 00:00:02.617;;;true;;2026-09-20 15:00:00.000;4077.01;8522.63;0;false;false;inadimplente;28;20;;0;;;unlocked;true;;1954-07-14;72;false;;;;Argentina;C1043;Avenida 9 de Julio;"831";;Palermo;Buenos Aires;CABA;MASTERCARD;20;EM_ATRASO_30D
"80622e31-c93f-426b-be27-2dfdce021a3a";Armandine Joly;"41689983639";Armandine_Joly70@hotmail.fr;$2b$10$/Scm1M8ZYc3qNNQkDLiJz.Bbkoy6WnuJZGscsAyazHOZyEOuAvRty;2000.00;2000.00;false;customer;2026-07-20 15:31:26.984;2026-08-29 00:00:02.640;;;true;;2026-09-15 15:00:00.000;3641.96;5000.00;0;false;false;inadimplente;19;15;;0;"639";"07/31";unlocked;true;Cartão em produção. Criado em 20/07/2026, 15:31 UTC. Validade: 07/31, CVV: 639;;;false;;;;Brasil;;;;;;;;MASTERCARD;10;EM_ATRASO_30D
f63e259f-b7ec-47ee-afcf-1afbec732cdc;Ernest Dumont;"45116448614";Ernest_Dumont98@hotmail.fr;$2b$10$/Scm1M8ZYc3qNNQkDLiJz.Bbkoy6WnuJZGscsAyazHOZyEOuAvRty;2000.00;2000.00;false;customer;2026-07-19 00:35:51.080;2026-08-29 00:00:02.662;;;true;;2026-09-15 15:00:00.000;3170.89;5000.00;0;false;false;inadimplente;19;15;;0;"614";"07/31";unlocked;true;Cartão em produção. Criado em 19/07/2026, 00:35 UTC. Validade: 07/31, CVV: 614;;;false;;;;Brasil;;;;;;;;MASTERCARD;10;EM_ATRASO_30D
"3d7cc370-f2f1-4ab9-819c-030343956376";Marli Carvalho;"80417045181";Yago.Silva38@gmail.com;$2b$10$/Scm1M8ZYc3qNNQkDLiJz.Bbkoy6WnuJZGscsAyazHOZyEOuAvRty;2000.00;2000.00;false;customer;2026-07-04 02:45:02.245;2026-08-29 00:00:02.683;;;true;;2026-09-15 15:00:00.000;3646.27;5000.00;0;false;false;inadimplente;19;15;;0;"181";"07/31";unlocked;true;Cartão de Crédito em Produção;;;false;;;;Brasil;;;;;;;;MASTERCARD;10;EM_ATRASO_30D
"7829197d-f0e2-4d6a-b0eb-13f5e45c4730";Test User;"12345678901";test@test.com;$2b$10$/Scm1M8ZYc3qNNQkDLiJz.Bbkoy6WnuJZGscsAyazHOZyEOuAvRty;4.20;2000.00;false;customer;2026-07-07 21:11:40.105;2026-08-29 00:00:02.704;;;true;;2026-09-15 15:00:00.000;2670.94;5000.00;0;false;false;inadimplente;19;15;;0;"901";"07/31";unlocked;true;Cartão em produção. Criado em 07/07/2026, 21:11 UTC. Validade: 07/31, CVV: 901;;;false;;;;Brasil;;;;;;;;MASTERCARD;10;EM_ATRASO_30D
d38123d0-a1b8-4fe4-b7c1-4bd6b9c27027;Fahad Al-Ghamdi;"79990005907";fahadal-ghamdi@fintech.com;$2b$10$xdwKIatlTroFhBlo.LKJTuzbGmniIR2GaR8zYGQxhP8Lj0ET/xufO;3690.43;2922.30;false;user;2026-08-20 21:46:13.983;2026-08-20 21:46:14.683;;;true;;2026-09-05 15:00:00.000;15268.78;16263.93;0;false;false;adimplente;0;5;;0;;;manufacturing;false;;1952-07-22;74;false;;;;Arábia Saudita;"23212";Avenida Tahlia;"825";;Al-Shati;Dammam;Meca;VISA;5;EM_DIA
"62598176-027e-41d8-93d0-827121ed9f6c";Odile Meunier;"17334727380";Odile.Meunier@yahoo.fr;$2b$10$/Scm1M8ZYc3qNNQkDLiJz.Bbkoy6WnuJZGscsAyazHOZyEOuAvRty;2000.00;2000.00;false;customer;2026-07-09 18:21:57.970;2026-08-29 00:00:02.397;;;true;;2026-09-15 15:00:00.000;3406.91;5000.00;0;false;false;inadimplente;19;15;;0;"380";"07/31";unlocked;true;Cartão em produção. Criado em 09/07/2026, 18:21 UTC. Validade: 07/31, CVV: 380;;;false;;;;Brasil;;;;;;;;MASTERCARD;10;EM_ATRASO_30D
"00fbd890-efc0-4079-b5da-56a3d83ebdec";Teste Solda Evento;"31415926535";teste.solda1787277570869@fintech.com;$2b$10$Zs9UnrI.oGO66r3.TfhiZOXnasjh57H9w.w128E3PACHFUkEFLKR6;1000.00;2000.00;false;user;2026-08-20 22:59:31.460;2026-08-20 22:59:31.548;;;true;;2026-09-10 15:00:00.000;97.76;5000.00;0;false;false;adimplente;0;10;;0;;;unlocked;true;;1990-01-01;36;false;;;;Brasil;"01310-100";Av Paulista;"1000";;Bela Vista;Sao Paulo;SP;VISA;10;EM_DIA
"74eb4547-e446-4846-ad95-8c4d0ede17f8";Christian Simon;"43838315910";Christian.Simon73@yahoo.fr;$2b$10$/Scm1M8ZYc3qNNQkDLiJz.Bbkoy6WnuJZGscsAyazHOZyEOuAvRty;2000.00;2000.00;false;customer;2026-07-22 16:24:18.057;2026-08-29 00:00:02.748;;;true;;2026-09-15 15:00:00.000;3519.38;5000.00;0;false;false;inadimplente;19;15;;0;"910";"07/31";unlocked;true;Cartão em produção. Criado em 22/07/2026, 16:24 UTC. Validade: 07/31, CVV: 910;;;false;;;;Brasil;;;;;;;;MASTERCARD;10;EM_ATRASO_30D
"054735c8-0415-43fd-90f6-752575b38bb5";Joon Jeong;"20092389589";joonjeong@fintech.com;$2b$10$wo7dG6NLCQNt8clOnHlP1uCXNCpTHl664FbZbx5kirIOmeGtZSAeS;1680.44;3495.75;false;user;2026-08-12 20:40:40.388;2026-08-29 00:00:02.770;;;true;;2026-09-10 15:00:00.000;13525.38;17715.18;0;false;false;inadimplente;32;10;;0;;;unlocked;true;;1993-11-25;33;false;;;;Coreia do Sul;"03154";Rua Haeundae-ro;"785";;Seocho;Busan;Busan;HIPERCARD;10;EM_ATRASO_30D
"33abc216-2ae0-4fde-9e39-90bd3030072e";Dual Teste;"71003941242";dual1787278704007@fintech.com;$2b$10$kJRJPdZ5JvKFXuP4xH6Rd.9OR2PFBxFX4d2Ml5kwbQGDpvZwnrnQi;100.00;500.00;false;user;2026-08-20 23:18:24.127;2026-08-20 23:18:24.180;;;true;;2026-09-10 15:00:00.000;8048.66;9000.00;0;false;false;adimplente;0;10;;0;;;unlocked;true;;1990-01-01;36;false;;;;Brasil;"01310-100";Av Paulista;"1";;BV;Sao Paulo;SP;VISA;10;EM_DIA
"59799545-d811-4517-83bf-c9527c22ef10";Comprador Monitor;"70000129979";comprador.monitor1787278196053@fintech.com;$2b$10$Mm8nE63dBOVxZlTDW2MmzeQUjHyGp5u1vIQ.gzChW4Z2.jE9AiI9m;2353.00;2000.00;false;user;2026-08-20 23:09:56.591;2026-08-21 17:56:47.859;;;true;;2026-09-10 15:00:00.000;11786.49;20000.00;0;false;false;adimplente;0;10;;0;;;unlocked;true;;1995-06-06;31;false;;;;Brasil;"01310-100";Av Paulista;"900";;Bela Vista;Sao Paulo;SP;VISA;10;EM_DIA
"28974b9f-0ff5-48d3-b07b-e0c1247bb33b";Hannah Fischer;"95167270006";hannahfischer@fintech.com;$2b$10$7F7Ryx3uOSvBfoG1ji0iNOVHkW4m3zCuHvoeMP7NSmKFREuW/GXHi;11798.26;4998.44;false;user;2026-08-01 02:39:32.842;2026-08-29 00:00:02.726;;;true;;2026-09-20 18:00:00.000;18118.64;18545.37;0;false;false;inadimplente;9;20;;0;;;unlocked;true;;1967-03-08;59;false;;;;Alemanha;"80539";Kurfuerstendamm;"819";;Charlottenburg;Munique;Berlim;MASTERCARD;20;EM_ATRASO_15D
